{"type": "FeatureCollection", "features": [{"type": "Feature", "id": "FGF.FA.W.0006.2011-04-27T18:00:00Z", "properties": {"status": "CON", "phenomena": "FA", "significance": "W", "ps": "Flood Warning", "wfo": "FGF", "eventid": 6, "polygon_begin": "2011-04-27T18:00:00Z", "polygon_end": "2011-05-02T18:31:00Z", "expire": "2011-05-17T17:22:00Z", "hvtec_nwsli": "00000", "year": 2011, "product_id": "201104271757-KFGF-WGUS83-FLSFGF", "issue": "2011-04-10T17:16:00Z", "expire_utc": "2011-05-17T17:22:00Z", "href": "https://mesonet.agron.iastate.edu/vtec/?year=2011&wfo=KFGF&phenomena=FA&significance=W&eventid=0006", "link": "<a href='https://mesonet.agron.iastate.edu/vtec/?year=2011&wfo=KFGF&phenomena=FA&significance=W&eventid=0006'>Flood Warning 6</a> &nbsp; ", "windtag": null, "hailtag": null, "tornadotag": null, "damagetag": null, "waterspouttag": null, "is_emergency": false, "is_pds": false, "windthreat": null, "hailthreat": null, "product_signature": "JK", "floodtag_damage": null, "squalltag": null, "max_windtag": null, "max_hailtag": null, "max_is_pds": false, "max_is_emergency": false, "max_floodtag_damage": null}, "geometry": {"type": "MultiPolygon", "coordinates": [[[[-97.4, 48.9], [-97.91, 48.89], [-97.92, 49], [-96.99, 49.01], [-97.03, 48.72], [-97.14, 48.55], [-97.23, 48.55], [-97.4, 48.9]]]]}}, {"type": "Feature", "id": "PAH.FF.W.0047.2011-04-27T18:46:00Z", "properties": {"status": "NEW", "phenomena": "FF", "significance": "W", "ps": "Flash Flood Warning", "wfo": "PAH", "eventid": 47, "polygon_begin": "2011-04-27T18:46:00Z", "polygon_end": "2011-04-27T23:36:00Z", "expire": "2011-04-27T23:36:00Z", "hvtec_nwsli": "00000", "year": 2011, "product_id": "201104271846-KPAH-WGUS53-FFWPAH", "issue": "2011-04-27T18:46:00Z", "expire_utc": "2011-04-27T23:36:00Z", "href": "https://mesonet.agron.iastate.edu/vtec/?year=2011&wfo=KPAH&phenomena=FF&significance=W&eventid=0047", "link": "<a href='https://mesonet.agron.iastate.edu/vtec/?year=2011&wfo=KPAH&phenomena=FF&significance=W&eventid=0047'>Flash Flood Warning 47</a> &nbsp; ", "windtag": null, "hailtag": null, "tornadotag": null, "damagetag": null, "waterspouttag": null, "is_emergency": false, "is_pds": false, "windthreat": null, "hailthreat": null, "product_signature": "SMITH", "floodtag_damage": null, "squalltag": null, "max_windtag": null, "max_hailtag": null, "max_is_pds": false, "max_is_emergency": false, "max_floodtag_damage": null}, "geometry": {"type": "MultiPolygon", "coordinates": [[[[-88.3, 36.65], [-87.08, 37.54], [-87.07, 37.54], [-87.11, 37.48], [-87.1, 37.37], [-87.03, 37.36], [-87.08, 36.65], [-87.86, 36.64], [-87.88, 36.67], [-88.06, 36.67], [-88.04, 36.51], [-88.18, 36.49], [-88.46, 36.5], [-88.3, 36.65]]]]}}, {"type": "Feature", "id": "BIS.FA.W.0006.2011-04-26T20:40:00Z", "properties": {"status": "CON", "phenomena": "FA", "significance": "W", "ps": "Flood Warning", "wfo": "BIS", "eventid": 6, "polygon_begin": "2011-04-26T20:40:00Z", "polygon_end": "2011-05-04T14:00:00Z", "expire": "2011-05-04T14:00:00Z", "hvtec_nwsli": "00000", "year": 2011, "product_id": "201104262040-KBIS-WGUS83-FLSBIS", "issue": "2011-04-06T19:58:00Z", "expire_utc": "2011-05-04T14:00:00Z", "href": "https://mesonet.agron.iastate.edu/vtec/?year=2011&wfo=KBIS&phenomena=FA&significance=W&eventid=0006", "link": "<a href='https://mesonet.agron.iastate.edu/vtec/?year=2011&wfo=KBIS&phenomena=FA&significance=W&eventid=0006'>Flood Warning 6</a> &nbsp; ", "windtag": null, "hailtag": null, "tornadotag": null, "damagetag": null, "waterspouttag": null, "is_emergency": false, "is_pds": false, "windthreat": null, "hailthreat": null, "product_signature": "AYD", "floodtag_damage": null, "squalltag": null, "max_windtag": null, "max_hailtag": null, "max_is_pds": false, "max_is_emergency": false, "max_floodtag_damage": null}, "geometry": {"type": "MultiPolygon", "coordinates": [[[[-102.95, 49.01], [-102.89, 48.38], [-102.82, 48.13], [-103.2, 48.14], [-103.25, 48.1], [-103.23, 48.06], [-103.5, 48.01], [-103.58, 48.04], [-103.55, 48.08], [-103.68, 48.13], [-103.74, 48.09], [-103.73, 48.04], [-103.79, 48.05], [-103.82, 47.98], [-103.86, 48.01], [-103.89, 47.96], [-103.97, 47.99], [-104, 47.96], [-104.05, 48], [-104.06, 48.99], [-102.95, 49.01]]]]}}, {"type": "Feature", "id": "FGF.FA.W.0009.2011-04-27T17:48:00Z", "properties": {"status": "CON", "phenomena": "FA", "significance": "W", "ps": "Flood Warning", "wfo": "FGF", "eventid": 9, "polygon_begin": "2011-04-27T17:48:00Z", "polygon_end": "2011-05-02T18:26:00Z", "expire": "2011-04-29T21:00:00Z", "hvtec_nwsli": "00000", "year": 2011, "product_id": "201104271746-KFGF-WGUS83-FLSFGF", "issue": "2011-04-15T01:20:00Z", "expire_utc": "2011-04-29T21:00:00Z", "href": "https://mesonet.agron.iastate.edu/vtec/?year=2011&wfo=KFGF&phenomena=FA&significance=W&eventid=0009", "link": "<a href='https://mesonet.agron.iastate.edu/vtec/?year=2011&wfo=KFGF&phenomena=FA&significance=W&eventid=0009'>Flood Warning 9</a> &nbsp; ", "windtag": null, "hailtag": null, "tornadotag": null, "damagetag": null, "waterspouttag": null, "is_emergency": false, "is_pds": false, "windthreat": null, "hailthreat": null, "product_signature": "JK", "floodtag_damage": null, "squalltag": null, "max_windtag": null, "max_hailtag": null, "max_is_pds": false, "max_is_emergency": false, "max_floodtag_damage": null}, "geometry": {"type": "MultiPolygon", "coordinates": [[[[-98.97, 48.38], [-98.69, 48.41], [-98.3, 48.2], [-98.23, 48.01], [-98.27, 47.69], [-98.52, 47.68], [-98.53, 47.85], [-99.26, 47.86], [-99.52, 48.37], [-98.97, 48.38]]]]}}, {"type": "Feature", "id": "FGF.FA.W.0010.2011-04-27T17:49:00Z", "properties": {"status": "CON", "phenomena": "FA", "significance": "W", "ps": "Flood Warning", "wfo": "FGF", "eventid": 10, "polygon_begin": "2011-04-27T17:49:00Z", "polygon_end": "2011-05-02T18:25:00Z", "expire": "2011-05-17T17:08:00Z", "hvtec_nwsli": "00000", "year": 2011, "product_id": "201104271749-KFGF-WGUS83-FLSFGF", "issue": "2011-04-16T20:50:00Z", "expire_utc": "2011-05-17T17:08:00Z", "href": "https://mesonet.agron.iastate.edu/vtec/?year=2011&wfo=KFGF&phenomena=FA&significance=W&eventid=0010", "link": "<a href='https://mesonet.agron.iastate.edu/vtec/?year=2011&wfo=KFGF&phenomena=FA&significance=W&eventid=0010'>Flood Warning 10</a> &nbsp; ", "windtag": null, "hailtag": null, "tornadotag": null, "damagetag": null, "waterspouttag": null, "is_emergency": false, "is_pds": false, "windthreat": null, "hailthreat": null, "product_signature": "JK", "floodtag_damage": null, "squalltag": null, "max_windtag": null, "max_hailtag": null, "max_is_pds": false, "max_is_emergency": false, "max_floodtag_damage": null}, "geometry": {"type": "MultiPolygon", "coordinates": [[[[-97.15, 46.64], [-97.05, 47.24], [-96.85, 47.24], [-96.84, 47.15], [-96.72, 47.15], [-96.71, 46.62], [-97.15, 46.64]]]]}}, {"type": "Feature", "id": "FGF.FA.W.0011.2011-04-27T17:53:00Z", "properties": {"status": "CON", "phenomena": "FA", "significance": "W", "ps": "Flood Warning", "wfo": "FGF", "eventid": 11, "polygon_begin": "2011-04-27T17:53:00Z", "polygon_end": "2011-05-02T18:23:00Z", "expire": "2011-08-03T16:02:00Z", "hvtec_nwsli": "00000", "year": 2011, "product_id": "201104271751-KFGF-WGUS83-FLSFGF", "issue": "2011-04-16T21:03:00Z", "expire_utc": "2011-08-03T16:02:00Z", "href": "https://mesonet.agron.iastate.edu/vtec/?year=2011&wfo=KFGF&phenomena=FA&significance=W&eventid=0011", "link": "<a href='https://mesonet.agron.iastate.edu/vtec/?year=2011&wfo=KFGF&phenomena=FA&significance=W&eventid=0011'>Flood Warning 11</a> &nbsp; ", "windtag": null, "hailtag": null, "tornadotag": null, "damagetag": null, "waterspouttag": null, "is_emergency": false, "is_pds": false, "windthreat": null, "hailthreat": null, "product_signature": "JK", "floodtag_damage": null, "squalltag": null, "max_windtag": null, "max_hailtag": null, "max_is_pds": false, "max_is_emergency": false, "max_floodtag_damage": null}, "geometry": {"type": "MultiPolygon", "coordinates": [[[[-97.05, 48.54], [-97.05, 48.17], [-97.23, 48.2], [-97.23, 48.54], [-97.05, 48.54]]]]}}, {"type": "Feature", "id": "BTV.FA.W.0013.2011-04-27T18:37:00Z", "properties": {"status": "CON", "phenomena": "FA", "significance": "W", "ps": "Flood Warning", "wfo": "BTV", "eventid": 13, "polygon_begin": "2011-04-27T18:37:00Z", "polygon_end": "2011-04-28T01:15:00Z", "expire": "2011-04-28T01:15:00Z", "hvtec_nwsli": "00000", "year": 2011, "product_id": "201104271837-KBTV-WGUS81-FLSBTV", "issue": "2011-04-27T13:21:00Z", "expire_utc": "2011-04-28T01:15:00Z", "href": "https://mesonet.agron.iastate.edu/vtec/?year=2011&wfo=KBTV&phenomena=FA&significance=W&eventid=0013", "link": "<a href='https://mesonet.agron.iastate.edu/vtec/?year=2011&wfo=KBTV&phenomena=FA&significance=W&eventid=0013'>Flood Warning 13</a> &nbsp; ", "windtag": null, "hailtag": null, "tornadotag": null, "damagetag": null, "waterspouttag": null, "is_emergency": false, "is_pds": false, "windthreat": null, "hailthreat": null, "product_signature": "HANSON", "floodtag_damage": null, "squalltag": null, "max_windtag": null, "max_hailtag": null, "max_is_pds": false, "max_is_emergency": false, "max_floodtag_damage": null}, "geometry": {"type": "MultiPolygon", "coordinates": [[[[-71.53, 44.99], [-71.5, 44.9], [-71.62, 44.75], [-71.53, 44.59], [-71.59, 44.56], [-71.57, 44.5], [-71.69, 44.41], [-71.84, 44.35], [-71.93, 44.44], [-71.86, 44.49], [-71.91, 44.55], [-71.85, 44.61], [-71.91, 44.65], [-71.84, 44.72], [-71.98, 44.79], [-71.88, 44.87], [-71.92, 44.91], [-71.9, 45.01], [-71.47, 45.02], [-71.46, 45.02], [-71.53, 44.99]]]]}}, {"type": "Feature", "id": "HUN.FF.W.0025.2011-04-27T18:38:00Z", "properties": {"status": "CON", "phenomena": "FF", "significance": "W", "ps": "Flash Flood Warning", "wfo": "HUN", "eventid": 25, "polygon_begin": "2011-04-27T18:38:00Z", "polygon_end": "2011-04-27T22:00:00Z", "expire": "2011-04-27T20:30:00Z", "hvtec_nwsli": "00000", "year": 2011, "product_id": "201104271838-KHUN-WGUS74-FFSHUN", "issue": "2011-04-27T17:27:00Z", "expire_utc": "2011-04-27T20:30:00Z", "href": "https://mesonet.agron.iastate.edu/vtec/?year=2011&wfo=KHUN&phenomena=FF&significance=W&eventid=0025", "link": "<a href='https://mesonet.agron.iastate.edu/vtec/?year=2011&wfo=KHUN&phenomena=FF&significance=W&eventid=0025'>Flash Flood Warning 25</a> &nbsp; ", "windtag": null, "hailtag": null, "tornadotag": null, "damagetag": null, "waterspouttag": null, "is_emergency": false, "is_pds": false, "windthreat": null, "hailthreat": null, "product_signature": "BCC", "floodtag_damage": null, "squalltag": null, "max_windtag": null, "max_hailtag": null, "max_is_pds": false, "max_is_emergency": false, "max_floodtag_damage": null}, "geometry": {"type": "MultiPolygon", "coordinates": [[[[-86.47, 35], [-86.6, 34.31], [-87.11, 34.32], [-87.07, 35.01], [-86.47, 35]]]]}}, {"type": "Feature", "id": "LMK.FA.W.0012.2011-04-27T20:01:00Z", "properties": {"status": "CON", "phenomena": "FA", "significance": "W", "ps": "Flood Warning", "wfo": "LMK", "eventid": 12, "polygon_begin": "2011-04-27T20:01:00Z", "polygon_end": "2011-04-28T01:15:00Z", "expire": "2011-04-28T01:15:00Z", "hvtec_nwsli": "00000", "year": 2011, "product_id": "201104272001-KLMK-WGUS83-FLSLMK", "issue": "2011-04-27T13:23:00Z", "expire_utc": "2011-04-28T01:15:00Z", "href": "https://mesonet.agron.iastate.edu/vtec/?year=2011&wfo=KLMK&phenomena=FA&significance=W&eventid=0012", "link": "<a href='https://mesonet.agron.iastate.edu/vtec/?year=2011&wfo=KLMK&phenomena=FA&significance=W&eventid=0012'>Flood Warning 12</a> &nbsp; ", "windtag": null, "hailtag": null, "tornadotag": null, "damagetag": null, "waterspouttag": null, "is_emergency": false, "is_pds": false, "windthreat": null, "hailthreat": null, "product_signature": "DK", "floodtag_damage": null, "squalltag": null, "max_windtag": null, "max_hailtag": null, "max_is_pds": false, "max_is_emergency": false, "max_floodtag_damage": null}, "geometry": {"type": "MultiPolygon", "coordinates": [[[[-85.2, 38.7], [-85.32, 38.73], [-85.18, 38.59], [-85.89, 37.44], [-86.16, 37.33], [-86.17, 36.93], [-86.42, 36.65], [-87.07, 36.65], [-87.07, 37.07], [-86.91, 37.12], [-87.13, 37.48], [-86.84, 37.67], [-86.99, 37.93], [-86.79, 38.01], [-86.78, 38.01], [-86.81, 38.2], [-87.08, 38.21], [-87.08, 38.51], [-85.21, 38.93], [-85.2, 38.7]]]]}}, {"type": "Feature", "id": "OHX.FF.W.0022.2011-04-27T17:03:00Z", "properties": {"status": "NEW", "phenomena": "FF", "significance": "W", "ps": "Flash Flood Warning", "wfo": "OHX", "eventid": 22, "polygon_begin": "2011-04-27T17:03:00Z", "polygon_end": "2011-04-27T23:00:00Z", "expire": "2011-04-27T23:00:00Z", "hvtec_nwsli": "00000", "year": 2011, "product_id": "201104271703-KOHX-WGUS54-FFWOHX", "issue": "2011-04-27T17:03:00Z", "expire_utc": "2011-04-27T23:00:00Z", "href": "https://mesonet.agron.iastate.edu/vtec/?year=2011&wfo=KOHX&phenomena=FF&significance=W&eventid=0022", "link": "<a href='https://mesonet.agron.iastate.edu/vtec/?year=2011&wfo=KOHX&phenomena=FF&significance=W&eventid=0022'>Flash Flood Warning 22</a> &nbsp; ", "windtag": null, "hailtag": null, "tornadotag": null, "damagetag": null, "waterspouttag": null, "is_emergency": false, "is_pds": false, "windthreat": null, "hailthreat": null, "product_signature": "TJ/MR", "floodtag_damage": null, "squalltag": null, "max_windtag": null, "max_hailtag": null, "max_is_pds": false, "max_is_emergency": false, "max_floodtag_damage": null}, "geometry": {"type": "MultiPolygon", "coordinates": [[[[-87.85, 36.65], [-86.98, 36.66], [-87.98, 35.01], [-87.99, 35.3], [-88.03, 35.39], [-87.97, 35.41], [-88.05, 35.45], [-87.97, 35.51], [-88.03, 35.73], [-87.98, 35.81], [-88.03, 35.85], [-88.22, 35.85], [-88.21, 36.13], [-88.1, 36.25], [-88.1, 36.36], [-88, 36.37], [-88.05, 36.43], [-88.06, 36.68], [-87.85, 36.65]]]]}}, {"type": "Feature", "id": "OHX.SV.W.0140.2011-04-27T20:25:00Z", "properties": {"status": "NEW", "phenomena": "SV", "significance": "W", "ps": "Severe Thunderstorm Warning", "wfo": "OHX", "eventid": 140, "polygon_begin": "2011-04-27T20:25:00Z", "polygon_end": "2011-04-27T21:15:00Z", "expire": "2011-04-27T21:15:00Z", "hvtec_nwsli": null, "year": 2011, "product_id": "201104272025-KOHX-WUUS54-SVROHX", "issue": "2011-04-27T20:25:00Z", "expire_utc": "2011-04-27T21:15:00Z", "href": "https://mesonet.agron.iastate.edu/vtec/?year=2011&wfo=KOHX&phenomena=SV&significance=W&eventid=0140", "link": "<a href='https://mesonet.agron.iastate.edu/vtec/?year=2011&wfo=KOHX&phenomena=SV&significance=W&eventid=0140'>Severe Thunderstorm Warning 140</a> &nbsp; ", "windtag": null, "hailtag": null, "tornadotag": null, "damagetag": null, "waterspouttag": null, "is_emergency": false, "is_pds": false, "windthreat": null, "hailthreat": null, "product_signature": "FORECASTER:BOYD", "floodtag_damage": null, "squalltag": null, "max_windtag": null, "max_hailtag": null, "max_is_pds": false, "max_is_emergency": false, "max_floodtag_damage": null}, "geometry": {"type": "MultiPolygon", "coordinates": [[[[-84.75, 36.33], [-84.77, 36.33], [-84.79, 36.29], [-84.87, 36.27], [-84.87, 36.23], [-84.89, 36.21], [-84.89, 36.16], [-84.83, 36.1], [-84.79, 36.09], [-84.74, 36.01], [-85.61, 35.83], [-85.17, 36.63], [-84.78, 36.61], [-84.65, 36.4], [-84.75, 36.33]]]]}}, {"type": "Feature", "id": "JAN.SV.W.0319.2011-04-27T20:36:00Z", "properties": {"status": "CON", "phenomena": "SV", "significance": "W", "ps": "Severe Thunderstorm Warning", "wfo": "JAN", "eventid": 319, "polygon_begin": "2011-04-27T20:36:00Z", "polygon_end": "2011-04-27T21:18:00Z", "expire": "2011-04-27T21:18:00Z", "hvtec_nwsli": null, "year": 2011, "product_id": "201104272036-KJAN-WWUS54-SVSJAN", "issue": "2011-04-27T20:26:00Z", "expire_utc": "2011-04-27T21:18:00Z", "href": "https://mesonet.agron.iastate.edu/vtec/?year=2011&wfo=KJAN&phenomena=SV&significance=W&eventid=0319", "link": "<a href='https://mesonet.agron.iastate.edu/vtec/?year=2011&wfo=KJAN&phenomena=SV&significance=W&eventid=0319'>Severe Thunderstorm Warning 319</a> &nbsp; ", "windtag": null, "hailtag": null, "tornadotag": null, "damagetag": null, "waterspouttag": null, "is_emergency": false, "is_pds": false, "windthreat": null, "hailthreat": null, "product_signature": "BYB", "floodtag_damage": null, "squalltag": null, "max_windtag": null, "max_hailtag": null, "max_is_pds": false, "max_is_emergency": false, "max_floodtag_damage": null}, "geometry": {"type": "MultiPolygon", "coordinates": [[[[-89.32, 33.28], [-89.32, 33.06], [-89.34, 33.04], [-89.65, 32.93], [-89.9, 32.93], [-89.88, 32.99], [-89.84, 33.05], [-89.81, 33.12], [-89.79, 33.14], [-89.79, 33.15], [-89.54, 33.29], [-89.32, 33.28]]]]}}, {"type": "Feature", "id": "AKQ.MA.W.0025.2011-04-27T20:36:00Z", "properties": {"status": "CON", "phenomena": "MA", "significance": "W", "ps": "Marine Warning", "wfo": "AKQ", "eventid": 25, "polygon_begin": "2011-04-27T20:36:00Z", "polygon_end": "2011-04-27T21:15:00Z", "expire": "2011-04-27T21:15:00Z", "hvtec_nwsli": null, "year": 2011, "product_id": "201104272036-KAKQ-FZUS71-MWSAKQ", "issue": "2011-04-27T20:08:00Z", "expire_utc": "2011-04-27T21:15:00Z", "href": "https://mesonet.agron.iastate.edu/vtec/?year=2011&wfo=KAKQ&phenomena=MA&significance=W&eventid=0025", "link": "<a href='https://mesonet.agron.iastate.edu/vtec/?year=2011&wfo=KAKQ&phenomena=MA&significance=W&eventid=0025'>Marine Warning 25</a> &nbsp; ", "windtag": null, "hailtag": null, "tornadotag": null, "damagetag": null, "waterspouttag": null, "is_emergency": false, "is_pds": false, "windthreat": null, "hailthreat": null, "product_signature": "ALBRIGHT", "floodtag_damage": null, "squalltag": null, "max_windtag": null, "max_hailtag": null, "max_is_pds": false, "max_is_emergency": false, "max_floodtag_damage": null}, "geometry": {"type": "MultiPolygon", "coordinates": [[[[-75.91, 37.9], [-75.63, 38.06], [-75.92, 37.56], [-75.89, 37.56], [-75.82, 37.57], [-75.83, 37.55], [-75.95, 37.52], [-75.96, 37.49], [-75.89, 37.53], [-76, 37.19], [-76.24, 36.95], [-76.37, 36.94], [-76.27, 37.09], [-76.42, 37.15], [-76.43, 37.35], [-76.25, 37.45], [-76.37, 37.69], [-76.31, 37.78], [-76.45, 37.88], [-75.91, 37.9]]]]}}, {"type": "Feature", "id": "LWX.MA.W.0059.2011-04-27T20:39:00Z", "properties": {"status": "NEW", "phenomena": "MA", "significance": "W", "ps": "Marine Warning", "wfo": "LWX", "eventid": 59, "polygon_begin": "2011-04-27T20:39:00Z", "polygon_end": "2011-04-27T21:21:00Z", "expire": "2011-04-27T22:15:00Z", "hvtec_nwsli": null, "year": 2011, "product_id": "201104272039-KLWX-WHUS51-SMWLWX", "issue": "2011-04-27T20:39:00Z", "expire_utc": "2011-04-27T22:15:00Z", "href": "https://mesonet.agron.iastate.edu/vtec/?year=2011&wfo=KLWX&phenomena=MA&significance=W&eventid=0059", "link": "<a href='https://mesonet.agron.iastate.edu/vtec/?year=2011&wfo=KLWX&phenomena=MA&significance=W&eventid=0059'>Marine Warning 59</a> &nbsp; ", "windtag": null, "hailtag": null, "tornadotag": null, "damagetag": null, "waterspouttag": null, "is_emergency": false, "is_pds": false, "windthreat": null, "hailthreat": null, "product_signature": "SBK", "floodtag_damage": null, "squalltag": null, "max_windtag": null, "max_hailtag": null, "max_is_pds": false, "max_is_emergency": false, "max_floodtag_damage": null}, "geometry": {"type": "MultiPolygon", "coordinates": [[[[-76.5, 38.03], [-76.45, 38.13], [-76.34, 38.09], [-76.39, 38.26], [-76.31, 38.45], [-76.05, 38.23], [-76.02, 38.36], [-76, 38.37], [-75.95, 38.36], [-75.97, 38.28], [-75.89, 38.38], [-75.9, 38.27], [-75.79, 38.25], [-75.94, 38.17], [-75.74, 38.16], [-75.85, 38.09], [-75.86, 38.08], [-75.77, 38.11], [-75.93, 37.89], [-76.24, 37.89], [-76.5, 38.03]]]]}}, {"type": "Feature", "id": "OHX.SV.W.0141.2011-04-27T20:47:00Z", "properties": {"status": "NEW", "phenomena": "SV", "significance": "W", "ps": "Severe Thunderstorm Warning", "wfo": "OHX", "eventid": 141, "polygon_begin": "2011-04-27T20:47:00Z", "polygon_end": "2011-04-27T21:15:00Z", "expire": "2011-04-27T21:15:00Z", "hvtec_nwsli": null, "year": 2011, "product_id": "201104272047-KOHX-WUUS54-SVROHX", "issue": "2011-04-27T20:47:00Z", "expire_utc": "2011-04-27T21:15:00Z", "href": "https://mesonet.agron.iastate.edu/vtec/?year=2011&wfo=KOHX&phenomena=SV&significance=W&eventid=0141", "link": "<a href='https://mesonet.agron.iastate.edu/vtec/?year=2011&wfo=KOHX&phenomena=SV&significance=W&eventid=0141'>Severe Thunderstorm Warning 141</a> &nbsp; ", "windtag": null, "hailtag": null, "tornadotag": null, "damagetag": null, "waterspouttag": null, "is_emergency": false, "is_pds": false, "windthreat": null, "hailthreat": null, "product_signature": "21", "floodtag_damage": null, "squalltag": null, "max_windtag": null, "max_hailtag": null, "max_is_pds": false, "max_is_emergency": false, "max_floodtag_damage": null}, "geometry": {"type": "MultiPolygon", "coordinates": [[[[-86.42, 35.67], [-86.24, 35.97], [-86.15, 35.96], [-85.91, 35.82], [-85.96, 35.78], [-86.26, 35.55], [-86.42, 35.67]]]]}}, {"type": "Feature", "id": "CLE.SV.W.0022.2011-04-27T20:49:00Z", "properties": {"status": "CON", "phenomena": "SV", "significance": "W", "ps": "Severe Thunderstorm Warning", "wfo": "CLE", "eventid": 22, "polygon_begin": "2011-04-27T20:49:00Z", "polygon_end": "2011-04-27T21:15:00Z", "expire": "2011-04-27T21:15:00Z", "hvtec_nwsli": null, "year": 2011, "product_id": "201104272049-KCLE-WWUS51-SVSCLE", "issue": "2011-04-27T20:09:00Z", "expire_utc": "2011-04-27T21:15:00Z", "href": "https://mesonet.agron.iastate.edu/vtec/?year=2011&wfo=KCLE&phenomena=SV&significance=W&eventid=0022", "link": "<a href='https://mesonet.agron.iastate.edu/vtec/?year=2011&wfo=KCLE&phenomena=SV&significance=W&eventid=0022'>Severe Thunderstorm Warning 22</a> &nbsp; ", "windtag": null, "hailtag": null, "tornadotag": null, "damagetag": null, "waterspouttag": null, "is_emergency": false, "is_pds": false, "windthreat": null, "hailthreat": null, "product_signature": "LOMBARDY", "floodtag_damage": null, "squalltag": null, "max_windtag": null, "max_hailtag": null, "max_is_pds": false, "max_is_emergency": false, "max_floodtag_damage": null}, "geometry": {"type": "MultiPolygon", "coordinates": [[[[-79.77, 41.99], [-79.62, 42], [-79.62, 41.85], [-80.52, 41.85], [-80.51, 41.99], [-80.19, 42.1], [-80.12, 42.17], [-80.09, 42.17], [-80.08, 42.15], [-80.04, 42.15], [-79.93, 42.22], [-79.85, 42.23], [-79.76, 42.27], [-79.77, 41.99]]]]}}, {"type": "Feature", "id": "OHX.TO.W.0080.2011-04-27T20:50:00Z", "properties": {"status": "NEW", "phenomena": "TO", "significance": "W", "ps": "Tornado Warning", "wfo": "OHX", "eventid": 80, "polygon_begin": "2011-04-27T20:50:00Z", "polygon_end": "2011-04-27T21:01:00Z", "expire": "2011-04-27T21:15:00Z", "hvtec_nwsli": null, "year": 2011, "product_id": "201104272050-KOHX-WFUS54-TOROHX", "issue": "2011-04-27T20:50:00Z", "expire_utc": "2011-04-27T21:15:00Z", "href": "https://mesonet.agron.iastate.edu/vtec/?year=2011&wfo=KOHX&phenomena=TO&significance=W&eventid=0080", "link": "<a href='https://mesonet.agron.iastate.edu/vtec/?year=2011&wfo=KOHX&phenomena=TO&significance=W&eventid=0080'>Tornado Warning 80</a> &nbsp; ", "windtag": null, "hailtag": null, "tornadotag": null, "damagetag": null, "waterspouttag": null, "is_emergency": false, "is_pds": false, "windthreat": null, "hailthreat": null, "product_signature": "21", "floodtag_damage": null, "squalltag": null, "max_windtag": null, "max_hailtag": null, "max_is_pds": false, "max_is_emergency": false, "max_floodtag_damage": null}, "geometry": {"type": "MultiPolygon", "coordinates": [[[[-87.17, 35.45], [-86.92, 35.33], [-87.21, 35.09], [-87.39, 35.22], [-87.17, 35.45]]]]}}, {"type": "Feature", "id": "PHI.MA.W.0012.2011-04-27T20:50:00Z", "properties": {"status": "NEW", "phenomena": "MA", "significance": "W", "ps": "Marine Warning", "wfo": "PHI", "eventid": 12, "polygon_begin": "2011-04-27T20:50:00Z", "polygon_end": "2011-04-27T21:02:00Z", "expire": "2011-04-27T21:02:00Z", "hvtec_nwsli": null, "year": 2011, "product_id": "201104272050-KPHI-WHUS51-SMWPHI", "issue": "2011-04-27T20:50:00Z", "expire_utc": "2011-04-27T21:02:00Z", "href": "https://mesonet.agron.iastate.edu/vtec/?year=2011&wfo=KPHI&phenomena=MA&significance=W&eventid=0012", "link": "<a href='https://mesonet.agron.iastate.edu/vtec/?year=2011&wfo=KPHI&phenomena=MA&significance=W&eventid=0012'>Marine Warning 12</a> &nbsp; ", "windtag": null, "hailtag": null, "tornadotag": null, "damagetag": null, "waterspouttag": null, "is_emergency": false, "is_pds": false, "windthreat": null, "hailthreat": null, "product_signature": "HEAVENER", "floodtag_damage": null, "squalltag": null, "max_windtag": null, "max_hailtag": null, "max_is_pds": false, "max_is_emergency": false, "max_floodtag_damage": null}, "geometry": {"type": "MultiPolygon", "coordinates": [[[[-75.52, 39.72], [-75.51, 39.72], [-75.49, 39.72], [-75.51, 39.66], [-75.56, 39.62], [-75.51, 39.58], [-75.54, 39.48], [-75.37, 39.35], [-75.32, 39.34], [-75.31, 39.3], [-75.27, 39.3], [-75.4, 39.21], [-75.45, 39.31], [-75.51, 39.34], [-75.5, 39.36], [-75.6, 39.46], [-75.57, 39.56], [-75.62, 39.6], [-75.62, 39.63], [-75.52, 39.72]]]]}}, {"type": "Feature", "id": "HUN.TO.W.0070.2011-04-27T20:50:00Z", "properties": {"status": "CON", "phenomena": "TO", "significance": "W", "ps": "Tornado Warning", "wfo": "HUN", "eventid": 70, "polygon_begin": "2011-04-27T20:50:00Z", "polygon_end": "2011-04-27T21:15:00Z", "expire": "2011-04-27T21:15:00Z", "hvtec_nwsli": null, "year": 2011, "product_id": "201104272050-KHUN-WWUS54-SVSHUN", "issue": "2011-04-27T20:25:00Z", "expire_utc": "2011-04-27T21:15:00Z", "href": "https://mesonet.agron.iastate.edu/vtec/?year=2011&wfo=KHUN&phenomena=TO&significance=W&eventid=0070", "link": "<a href='https://mesonet.agron.iastate.edu/vtec/?year=2011&wfo=KHUN&phenomena=TO&significance=W&eventid=0070'>Tornado Warning 70</a> &nbsp; ", "windtag": null, "hailtag": null, "tornadotag": null, "damagetag": null, "waterspouttag": null, "is_emergency": true, "is_pds": false, "windthreat": null, "hailthreat": null, "product_signature": "BCC", "floodtag_damage": null, "squalltag": null, "max_windtag": null, "max_hailtag": null, "max_is_pds": false, "max_is_emergency": true, "max_floodtag_damage": null}, "geometry": {"type": "MultiPolygon", "coordinates": [[[[-85.96, 34.57], [-86.19, 34.45], [-86.3, 34.53], [-86.16, 34.75], [-85.96, 34.57]]]]}}, {"type": "Feature", "id": "MRX.SV.W.0113.2011-04-27T20:51:00Z", "properties": {"status": "NEW", "phenomena": "SV", "significance": "W", "ps": "Severe Thunderstorm Warning", "wfo": "MRX", "eventid": 113, "polygon_begin": "2011-04-27T20:51:00Z", "polygon_end": "2011-04-27T21:18:00Z", "expire": "2011-04-27T21:45:00Z", "hvtec_nwsli": null, "year": 2011, "product_id": "201104272051-KMRX-WUUS54-SVRMRX", "issue": "2011-04-27T20:51:00Z", "expire_utc": "2011-04-27T21:45:00Z", "href": "https://mesonet.agron.iastate.edu/vtec/?year=2011&wfo=KMRX&phenomena=SV&significance=W&eventid=0113", "link": "<a href='https://mesonet.agron.iastate.edu/vtec/?year=2011&wfo=KMRX&phenomena=SV&significance=W&eventid=0113'>Severe Thunderstorm Warning 113</a> &nbsp; ", "windtag": null, "hailtag": null, "tornadotag": null, "damagetag": null, "waterspouttag": null, "is_emergency": false, "is_pds": false, "windthreat": null, "hailthreat": null, "product_signature": "DH", "floodtag_damage": null, "squalltag": null, "max_windtag": null, "max_hailtag": null, "max_is_pds": false, "max_is_emergency": false, "max_floodtag_damage": null}, "geometry": {"type": "MultiPolygon", "coordinates": [[[[-83.68, 36.04], [-83.46, 36.16], [-83.29, 36.14], [-83.23, 36.08], [-83.25, 36.12], [-83.22, 36.12], [-83.22, 36.15], [-83.18, 36.13], [-83.19, 36.17], [-83.17, 36.18], [-83.17, 36.15], [-83.06, 36.1], [-82.9, 35.95], [-82.89, 35.87], [-82.91, 35.84], [-83.33, 35.7], [-83.68, 36.04]]]]}}, {"type": "Feature", "id": "PBZ.SV.W.0057.2011-04-27T20:50:00Z", "properties": {"status": "NEW", "phenomena": "SV", "significance": "W", "ps": "Severe Thunderstorm Warning", "wfo": "PBZ", "eventid": 57, "polygon_begin": "2011-04-27T20:50:00Z", "polygon_end": "2011-04-27T21:15:00Z", "expire": "2011-04-27T21:15:00Z", "hvtec_nwsli": null, "year": 2011, "product_id": "201104272050-KPBZ-WUUS51-SVRPBZ", "issue": "2011-04-27T20:50:00Z", "expire_utc": "2011-04-27T21:15:00Z", "href": "https://mesonet.agron.iastate.edu/vtec/?year=2011&wfo=KPBZ&phenomena=SV&significance=W&eventid=0057", "link": "<a href='https://mesonet.agron.iastate.edu/vtec/?year=2011&wfo=KPBZ&phenomena=SV&significance=W&eventid=0057'>Severe Thunderstorm Warning 57</a> &nbsp; ", "windtag": null, "hailtag": null, "tornadotag": null, "damagetag": null, "waterspouttag": null, "is_emergency": false, "is_pds": false, "windthreat": null, "hailthreat": null, "product_signature": null, "floodtag_damage": null, "squalltag": null, "max_windtag": null, "max_hailtag": null, "max_is_pds": false, "max_is_emergency": false, "max_floodtag_damage": null}, "geometry": {"type": "MultiPolygon", "coordinates": [[[[-78.73, 41.19], [-78.77, 41.19], [-78.8, 41.13], [-78.8, 40.92], [-79.14, 40.93], [-79.18, 41.09], [-78.8, 41.31], [-78.75, 41.28], [-78.73, 41.26], [-78.73, 41.24], [-78.72, 41.23], [-78.73, 41.19]]]]}}, {"type": "Feature", "id": "MRX.TO.W.0037.2011-04-27T20:51:00Z", "properties": {"status": "CON", "phenomena": "TO", "significance": "W", "ps": "Tornado Warning", "wfo": "MRX", "eventid": 37, "polygon_begin": "2011-04-27T20:51:00Z", "polygon_end": "2011-04-27T21:09:00Z", "expire": "2011-04-27T21:30:00Z", "hvtec_nwsli": null, "year": 2011, "product_id": "201104272051-KMRX-WWUS54-SVSMRX", "issue": "2011-04-27T20:25:00Z", "expire_utc": "2011-04-27T21:30:00Z", "href": "https://mesonet.agron.iastate.edu/vtec/?year=2011&wfo=KMRX&phenomena=TO&significance=W&eventid=0037", "link": "<a href='https://mesonet.agron.iastate.edu/vtec/?year=2011&wfo=KMRX&phenomena=TO&significance=W&eventid=0037'>Tornado Warning 37</a> &nbsp; ", "windtag": null, "hailtag": null, "tornadotag": null, "damagetag": null, "waterspouttag": null, "is_emergency": false, "is_pds": false, "windthreat": null, "hailthreat": null, "product_signature": "TD", "floodtag_damage": null, "squalltag": null, "max_windtag": null, "max_hailtag": null, "max_is_pds": false, "max_is_emergency": false, "max_floodtag_damage": null}, "geometry": {"type": "MultiPolygon", "coordinates": [[[[-84.56, 35.18], [-84.74, 35.44], [-84.51, 35.58], [-84.5, 35.66], [-84.43, 35.67], [-84.37, 35.64], [-84.32, 35.67], [-84.25, 35.62], [-84.11, 35.59], [-84.08, 35.54], [-84, 35.56], [-84.01, 35.51], [-83.95, 35.49], [-84.01, 35.41], [-84.03, 35.29], [-84.06, 35.27], [-84.19, 35.24], [-84.23, 35.27], [-84.35, 35.2], [-84.37, 35.24], [-84.56, 35.18]]]]}}, {"type": "Feature", "id": "PAH.TO.W.0118.2011-04-27T20:52:00Z", "properties": {"status": "NEW", "phenomena": "TO", "significance": "W", "ps": "Tornado Warning", "wfo": "PAH", "eventid": 118, "polygon_begin": "2011-04-27T20:52:00Z", "polygon_end": "2011-04-27T21:15:00Z", "expire": "2011-04-27T21:15:00Z", "hvtec_nwsli": null, "year": 2011, "product_id": "201104272052-KPAH-WFUS53-TORPAH", "issue": "2011-04-27T20:52:00Z", "expire_utc": "2011-04-27T21:15:00Z", "href": "https://mesonet.agron.iastate.edu/vtec/?year=2011&wfo=KPAH&phenomena=TO&significance=W&eventid=0118", "link": "<a href='https://mesonet.agron.iastate.edu/vtec/?year=2011&wfo=KPAH&phenomena=TO&significance=W&eventid=0118'>Tornado Warning 118</a> &nbsp; ", "windtag": null, "hailtag": null, "tornadotag": null, "damagetag": null, "waterspouttag": null, "is_emergency": false, "is_pds": false, "windthreat": null, "hailthreat": null, "product_signature": null, "floodtag_damage": null, "squalltag": null, "max_windtag": null, "max_hailtag": null, "max_is_pds": false, "max_is_emergency": false, "max_floodtag_damage": null}, "geometry": {"type": "MultiPolygon", "coordinates": [[[[-89.71, 37.83], [-89.66, 37.74], [-89.58, 37.7], [-89.52, 37.69], [-89.51, 37.61], [-89.53, 37.57], [-89.51, 37.53], [-89.88, 37.39], [-90.16, 37.63], [-90.16, 37.64], [-89.9, 37.88], [-89.84, 37.91], [-89.71, 37.83]]]]}}, {"type": "Feature", "id": "HUN.TO.W.0071.2011-04-27T20:51:00Z", "properties": {"status": "NEW", "phenomena": "TO", "significance": "W", "ps": "Tornado Warning", "wfo": "HUN", "eventid": 71, "polygon_begin": "2011-04-27T20:51:00Z", "polygon_end": "2011-04-27T21:15:00Z", "expire": "2011-04-27T21:15:00Z", "hvtec_nwsli": null, "year": 2011, "product_id": "201104272051-KHUN-WFUS54-TORHUN", "issue": "2011-04-27T20:51:00Z", "expire_utc": "2011-04-27T21:15:00Z", "href": "https://mesonet.agron.iastate.edu/vtec/?year=2011&wfo=KHUN&phenomena=TO&significance=W&eventid=0071", "link": "<a href='https://mesonet.agron.iastate.edu/vtec/?year=2011&wfo=KHUN&phenomena=TO&significance=W&eventid=0071'>Tornado Warning 71</a> &nbsp; ", "windtag": null, "hailtag": null, "tornadotag": null, "damagetag": null, "waterspouttag": null, "is_emergency": false, "is_pds": false, "windthreat": null, "hailthreat": null, "product_signature": "KDW", "floodtag_damage": null, "squalltag": null, "max_windtag": null, "max_hailtag": null, "max_is_pds": false, "max_is_emergency": false, "max_floodtag_damage": null}, "geometry": {"type": "MultiPolygon", "coordinates": [[[[-85.79, 34.62], [-86.05, 34.5], [-86.14, 34.6], [-86.14, 34.61], [-86.15, 34.61], [-86.2, 34.66], [-85.85, 34.89], [-85.71, 34.73], [-85.79, 34.62]]]]}}, {"type": "Feature", "id": "HUN.TO.W.0072.2011-04-27T20:51:00Z", "properties": {"status": "NEW", "phenomena": "TO", "significance": "W", "ps": "Tornado Warning", "wfo": "HUN", "eventid": 72, "polygon_begin": "2011-04-27T20:51:00Z", "polygon_end": "2011-04-27T21:09:00Z", "expire": "2011-04-27T21:15:00Z", "hvtec_nwsli": null, "year": 2011, "product_id": "201104272051-KHUN-WFUS54-TORHUN-RRA", "issue": "2011-04-27T20:51:00Z", "expire_utc": "2011-04-27T21:15:00Z", "href": "https://mesonet.agron.iastate.edu/vtec/?year=2011&wfo=KHUN&phenomena=TO&significance=W&eventid=0072", "link": "<a href='https://mesonet.agron.iastate.edu/vtec/?year=2011&wfo=KHUN&phenomena=TO&significance=W&eventid=0072'>Tornado Warning 72</a> &nbsp; ", "windtag": null, "hailtag": null, "tornadotag": null, "damagetag": null, "waterspouttag": null, "is_emergency": false, "is_pds": false, "windthreat": null, "hailthreat": null, "product_signature": "KDW", "floodtag_damage": null, "squalltag": null, "max_windtag": null, "max_hailtag": null, "max_is_pds": false, "max_is_emergency": false, "max_floodtag_damage": null}, "geometry": {"type": "MultiPolygon", "coordinates": [[[[-87.54, 34.43], [-87.53, 34.57], [-87.51, 34.58], [-87.51, 34.61], [-87.02, 34.88], [-86.87, 34.8], [-86.85, 34.64], [-87.49, 34.37], [-87.54, 34.43]]]]}}, {"type": "Feature", "id": "JAN.TO.W.0152.2011-04-27T20:51:00Z", "properties": {"status": "CON", "phenomena": "TO", "significance": "W", "ps": "Tornado Warning", "wfo": "JAN", "eventid": 152, "polygon_begin": "2011-04-27T20:51:00Z", "polygon_end": "2011-04-27T21:06:00Z", "expire": "2011-04-27T21:15:00Z", "hvtec_nwsli": null, "year": 2011, "product_id": "201104272051-KJAN-WWUS54-SVSJAN-RRA", "issue": "2011-04-27T20:45:00Z", "expire_utc": "2011-04-27T21:15:00Z", "href": "https://mesonet.agron.iastate.edu/vtec/?year=2011&wfo=KJAN&phenomena=TO&significance=W&eventid=0152", "link": "<a href='https://mesonet.agron.iastate.edu/vtec/?year=2011&wfo=KJAN&phenomena=TO&significance=W&eventid=0152'>Tornado Warning 152</a> &nbsp; ", "windtag": null, "hailtag": null, "tornadotag": null, "damagetag": null, "waterspouttag": null, "is_emergency": true, "is_pds": false, "windthreat": null, "hailthreat": null, "product_signature": "GRG", "floodtag_damage": null, "squalltag": null, "max_windtag": null, "max_hailtag": null, "max_is_pds": false, "max_is_emergency": true, "max_floodtag_damage": null}, "geometry": {"type": "MultiPolygon", "coordinates": [[[[-88.33, 32.95], [-88.35, 32.92], [-88.53, 32.93], [-88.33, 33.04], [-88.33, 33.03], [-88.33, 33.01], [-88.33, 32.95]]]]}}, {"type": "Feature", "id": "PBZ.SV.W.0056.2011-04-27T20:52:00Z", "properties": {"status": "CON", "phenomena": "SV", "significance": "W", "ps": "Severe Thunderstorm Warning", "wfo": "PBZ", "eventid": 56, "polygon_begin": "2011-04-27T20:52:00Z", "polygon_end": "2011-04-27T21:30:00Z", "expire": "2011-04-27T21:30:00Z", "hvtec_nwsli": null, "year": 2011, "product_id": "201104272052-KPBZ-WWUS51-SVSPBZ", "issue": "2011-04-27T20:32:00Z", "expire_utc": "2011-04-27T21:30:00Z", "href": "https://mesonet.agron.iastate.edu/vtec/?year=2011&wfo=KPBZ&phenomena=SV&significance=W&eventid=0056", "link": "<a href='https://mesonet.agron.iastate.edu/vtec/?year=2011&wfo=KPBZ&phenomena=SV&significance=W&eventid=0056'>Severe Thunderstorm Warning 56</a> &nbsp; ", "windtag": null, "hailtag": null, "tornadotag": null, "damagetag": null, "waterspouttag": null, "is_emergency": false, "is_pds": false, "windthreat": null, "hailthreat": null, "product_signature": "15", "floodtag_damage": null, "squalltag": null, "max_windtag": null, "max_hailtag": null, "max_is_pds": false, "max_is_emergency": false, "max_floodtag_damage": null}, "geometry": {"type": "MultiPolygon", "coordinates": [[[[-78.84, 40.63], [-78.98, 40.38], [-79.15, 40.16], [-79.77, 40.09], [-79.77, 40.51], [-78.81, 40.73], [-78.84, 40.63]]]]}}, {"type": "Feature", "id": "BMX.TO.W.0103.2011-04-27T20:52:00Z", "properties": {"status": "CON", "phenomena": "TO", "significance": "W", "ps": "Tornado Warning", "wfo": "BMX", "eventid": 103, "polygon_begin": "2011-04-27T20:52:00Z", "polygon_end": "2011-04-27T21:01:00Z", "expire": "2011-04-27T21:15:00Z", "hvtec_nwsli": null, "year": 2011, "product_id": "201104272052-KBMX-WWUS54-SVSBMX", "issue": "2011-04-27T20:21:00Z", "expire_utc": "2011-04-27T21:15:00Z", "href": "https://mesonet.agron.iastate.edu/vtec/?year=2011&wfo=KBMX&phenomena=TO&significance=W&eventid=0103", "link": "<a href='https://mesonet.agron.iastate.edu/vtec/?year=2011&wfo=KBMX&phenomena=TO&significance=W&eventid=0103'>Tornado Warning 103</a> &nbsp; ", "windtag": null, "hailtag": null, "tornadotag": null, "damagetag": null, "waterspouttag": null, "is_emergency": false, "is_pds": false, "windthreat": null, "hailthreat": null, "product_signature": "61", "floodtag_damage": null, "squalltag": null, "max_windtag": null, "max_hailtag": null, "max_is_pds": false, "max_is_emergency": false, "max_floodtag_damage": null}, "geometry": {"type": "MultiPolygon", "coordinates": [[[[-87.9, 34.15], [-87.97, 34.21], [-87.92, 34.32], [-87.65, 34.32], [-87.64, 34.31], [-87.64, 34.21], [-87.9, 34.15]]]]}}, {"type": "Feature", "id": "JAN.TO.W.0153.2011-04-27T20:53:00Z", "properties": {"status": "NEW", "phenomena": "TO", "significance": "W", "ps": "Tornado Warning", "wfo": "JAN", "eventid": 153, "polygon_begin": "2011-04-27T20:53:00Z", "polygon_end": "2011-04-27T21:12:00Z", "expire": "2011-04-27T21:45:00Z", "hvtec_nwsli": null, "year": 2011, "product_id": "201104272053-KJAN-WFUS54-TORJAN", "issue": "2011-04-27T20:53:00Z", "expire_utc": "2011-04-27T21:45:00Z", "href": "https://mesonet.agron.iastate.edu/vtec/?year=2011&wfo=KJAN&phenomena=TO&significance=W&eventid=0153", "link": "<a href='https://mesonet.agron.iastate.edu/vtec/?year=2011&wfo=KJAN&phenomena=TO&significance=W&eventid=0153'>Tornado Warning 153</a> &nbsp; ", "windtag": null, "hailtag": null, "tornadotag": null, "damagetag": null, "waterspouttag": null, "is_emergency": false, "is_pds": false, "windthreat": null, "hailthreat": null, "product_signature": "DHB", "floodtag_damage": null, "squalltag": null, "max_windtag": null, "max_hailtag": null, "max_is_pds": false, "max_is_emergency": false, "max_floodtag_damage": null}, "geometry": {"type": "MultiPolygon", "coordinates": [[[[-89.5, 32.39], [-89.44, 32.03], [-90.12, 31.96], [-90.14, 32.08], [-89.5, 32.39]]]]}}, {"type": "Feature", "id": "BUF.MA.W.0005.2011-04-27T20:54:00Z", "properties": {"status": "CON", "phenomena": "MA", "significance": "W", "ps": "Marine Warning", "wfo": "BUF", "eventid": 5, "polygon_begin": "2011-04-27T20:54:00Z", "polygon_end": "2011-04-27T21:15:00Z", "expire": "2011-04-27T21:15:00Z", "hvtec_nwsli": null, "year": 2011, "product_id": "201104272054-KBUF-FZUS71-MWSBUF", "issue": "2011-04-27T20:25:00Z", "expire_utc": "2011-04-27T21:15:00Z", "href": "https://mesonet.agron.iastate.edu/vtec/?year=2011&wfo=KBUF&phenomena=MA&significance=W&eventid=0005", "link": "<a href='https://mesonet.agron.iastate.edu/vtec/?year=2011&wfo=KBUF&phenomena=MA&significance=W&eventid=0005'>Marine Warning 5</a> &nbsp; ", "windtag": null, "hailtag": null, "tornadotag": null, "damagetag": null, "waterspouttag": null, "is_emergency": false, "is_pds": false, "windthreat": null, "hailthreat": null, "product_signature": "HIBBERT", "floodtag_damage": null, "squalltag": null, "max_windtag": null, "max_hailtag": null, "max_is_pds": false, "max_is_emergency": false, "max_floodtag_damage": null}, "geometry": {"type": "MultiPolygon", "coordinates": [[[[-78.96, 42.82], [-78.93, 42.84], [-78.91, 42.91], [-78.86, 42.87], [-78.83, 42.86], [-78.86, 42.85], [-78.84, 42.84], [-78.86, 42.82], [-78.85, 42.79], [-79.05, 42.78], [-78.96, 42.82]]]]}}, {"type": "Feature", "id": "BMX.TO.W.0104.2011-04-27T20:55:00Z", "properties": {"status": "CON", "phenomena": "TO", "significance": "W", "ps": "Tornado Warning", "wfo": "BMX", "eventid": 104, "polygon_begin": "2011-04-27T20:55:00Z", "polygon_end": "2011-04-27T21:08:00Z", "expire": "2011-04-27T21:45:00Z", "hvtec_nwsli": null, "year": 2011, "product_id": "201104272055-KBMX-WWUS54-SVSBMX", "issue": "2011-04-27T20:38:00Z", "expire_utc": "2011-04-27T21:45:00Z", "href": "https://mesonet.agron.iastate.edu/vtec/?year=2011&wfo=KBMX&phenomena=TO&significance=W&eventid=0104", "link": "<a href='https://mesonet.agron.iastate.edu/vtec/?year=2011&wfo=KBMX&phenomena=TO&significance=W&eventid=0104'>Tornado Warning 104</a> &nbsp; ", "windtag": null, "hailtag": null, "tornadotag": null, "damagetag": null, "waterspouttag": null, "is_emergency": true, "is_pds": false, "windthreat": null, "hailthreat": null, "product_signature": "27", "floodtag_damage": null, "squalltag": null, "max_windtag": null, "max_hailtag": null, "max_is_pds": false, "max_is_emergency": true, "max_floodtag_damage": null}, "geometry": {"type": "MultiPolygon", "coordinates": [[[[-88.34, 33.03], [-87.63, 33.38], [-87.44, 33.01], [-88.37, 32.72], [-88.34, 33.03]]]]}}, {"type": "Feature", "id": "MRX.TO.W.0038.2011-04-27T20:56:00Z", "properties": {"status": "NEW", "phenomena": "TO", "significance": "W", "ps": "Tornado Warning", "wfo": "MRX", "eventid": 38, "polygon_begin": "2011-04-27T20:56:00Z", "polygon_end": "2011-04-27T21:37:00Z", "expire": "2011-04-27T21:45:00Z", "hvtec_nwsli": null, "year": 2011, "product_id": "201104272056-KMRX-WFUS54-TORMRX", "issue": "2011-04-27T20:56:00Z", "expire_utc": "2011-04-27T21:45:00Z", "href": "https://mesonet.agron.iastate.edu/vtec/?year=2011&wfo=KMRX&phenomena=TO&significance=W&eventid=0038", "link": "<a href='https://mesonet.agron.iastate.edu/vtec/?year=2011&wfo=KMRX&phenomena=TO&significance=W&eventid=0038'>Tornado Warning 38</a> &nbsp; ", "windtag": null, "hailtag": null, "tornadotag": null, "damagetag": null, "waterspouttag": null, "is_emergency": false, "is_pds": false, "windthreat": null, "hailthreat": null, "product_signature": "DH", "floodtag_damage": null, "squalltag": null, "max_windtag": null, "max_hailtag": null, "max_is_pds": false, "max_is_emergency": false, "max_floodtag_damage": null}, "geometry": {"type": "MultiPolygon", "coordinates": [[[[-84.01, 35.52], [-83.99, 35.53], [-84, 35.56], [-84.08, 35.54], [-84.11, 35.59], [-84.13, 35.58], [-84.2, 35.62], [-84.25, 35.62], [-84.34, 35.67], [-83.84, 36.17], [-83.76, 36.16], [-83.7, 36.1], [-83.68, 36.04], [-83.64, 36.04], [-83.33, 35.71], [-84.01, 35.52]]]]}}, {"type": "Feature", "id": "BMX.TO.W.0105.2011-04-27T20:56:00Z", "properties": {"status": "NEW", "phenomena": "TO", "significance": "W", "ps": "Tornado Warning", "wfo": "BMX", "eventid": 105, "polygon_begin": "2011-04-27T20:56:00Z", "polygon_end": "2011-04-27T21:08:00Z", "expire": "2011-04-27T21:30:00Z", "hvtec_nwsli": null, "year": 2011, "product_id": "201104272056-KBMX-WFUS54-TORBMX", "issue": "2011-04-27T20:56:00Z", "expire_utc": "2011-04-27T21:30:00Z", "href": "https://mesonet.agron.iastate.edu/vtec/?year=2011&wfo=KBMX&phenomena=TO&significance=W&eventid=0105", "link": "<a href='https://mesonet.agron.iastate.edu/vtec/?year=2011&wfo=KBMX&phenomena=TO&significance=W&eventid=0105'>Tornado Warning 105</a> &nbsp; ", "windtag": null, "hailtag": null, "tornadotag": null, "damagetag": null, "waterspouttag": null, "is_emergency": false, "is_pds": false, "windthreat": null, "hailthreat": null, "product_signature": "61", "floodtag_damage": null, "squalltag": null, "max_windtag": null, "max_hailtag": null, "max_is_pds": false, "max_is_emergency": false, "max_floodtag_damage": null}, "geometry": {"type": "MultiPolygon", "coordinates": [[[[-88.08, 34.33], [-87.77, 34.32], [-88.19, 34.14], [-88.2, 34.18], [-88.18, 34.31], [-88.17, 34.32], [-88.15, 34.33], [-88.08, 34.33]]]]}}, {"type": "Feature", "id": "RNK.SV.W.0087.2011-04-27T20:56:00Z", "properties": {"status": "NEW", "phenomena": "SV", "significance": "W", "ps": "Severe Thunderstorm Warning", "wfo": "RNK", "eventid": 87, "polygon_begin": "2011-04-27T20:56:00Z", "polygon_end": "2011-04-27T21:36:00Z", "expire": "2011-04-27T21:45:00Z", "hvtec_nwsli": null, "year": 2011, "product_id": "201104272056-KRNK-WUUS51-SVRRNK", "issue": "2011-04-27T20:56:00Z", "expire_utc": "2011-04-27T21:45:00Z", "href": "https://mesonet.agron.iastate.edu/vtec/?year=2011&wfo=KRNK&phenomena=SV&significance=W&eventid=0087", "link": "<a href='https://mesonet.agron.iastate.edu/vtec/?year=2011&wfo=KRNK&phenomena=SV&significance=W&eventid=0087'>Severe Thunderstorm Warning 87</a> &nbsp; ", "windtag": null, "hailtag": null, "tornadotag": null, "damagetag": null, "waterspouttag": null, "is_emergency": false, "is_pds": false, "windthreat": null, "hailthreat": null, "product_signature": "16", "floodtag_damage": null, "squalltag": null, "max_windtag": null, "max_hailtag": null, "max_is_pds": false, "max_is_emergency": false, "max_floodtag_damage": null}, "geometry": {"type": "MultiPolygon", "coordinates": [[[[-79.82, 36.69], [-79.48, 37.12], [-79.42, 37.08], [-79.43, 37.06], [-79.4, 37.07], [-79.25, 36.97], [-79.73, 36.64], [-79.82, 36.69]]]]}}, {"type": "Feature", "id": "HUN.TO.W.0073.2011-04-27T20:56:00Z", "properties": {"status": "NEW", "phenomena": "TO", "significance": "W", "ps": "Tornado Warning", "wfo": "HUN", "eventid": 73, "polygon_begin": "2011-04-27T20:56:00Z", "polygon_end": "2011-04-27T21:30:00Z", "expire": "2011-04-27T21:30:00Z", "hvtec_nwsli": null, "year": 2011, "product_id": "201104272056-KHUN-WFUS54-TORHUN", "issue": "2011-04-27T20:56:00Z", "expire_utc": "2011-04-27T21:30:00Z", "href": "https://mesonet.agron.iastate.edu/vtec/?year=2011&wfo=KHUN&phenomena=TO&significance=W&eventid=0073", "link": "<a href='https://mesonet.agron.iastate.edu/vtec/?year=2011&wfo=KHUN&phenomena=TO&significance=W&eventid=0073'>Tornado Warning 73</a> &nbsp; ", "windtag": null, "hailtag": null, "tornadotag": null, "damagetag": null, "waterspouttag": null, "is_emergency": false, "is_pds": false, "windthreat": null, "hailthreat": null, "product_signature": "KDW", "floodtag_damage": null, "squalltag": null, "max_windtag": null, "max_hailtag": null, "max_is_pds": false, "max_is_emergency": false, "max_floodtag_damage": null}, "geometry": {"type": "MultiPolygon", "coordinates": [[[[-87.86, 34.32], [-87.57, 34.66], [-87.27, 34.47], [-87.51, 34.3], [-87.86, 34.32]]]]}}, {"type": "Feature", "id": "PHI.SV.W.0024.2011-04-27T20:57:00Z", "properties": {"status": "CON", "phenomena": "SV", "significance": "W", "ps": "Severe Thunderstorm Warning", "wfo": "PHI", "eventid": 24, "polygon_begin": "2011-04-27T20:57:00Z", "polygon_end": "2011-04-27T21:19:00Z", "expire": "2011-04-27T21:19:00Z", "hvtec_nwsli": null, "year": 2011, "product_id": "201104272057-KPHI-WWUS51-SVSPHI", "issue": "2011-04-27T20:43:00Z", "expire_utc": "2011-04-27T21:19:00Z", "href": "https://mesonet.agron.iastate.edu/vtec/?year=2011&wfo=KPHI&phenomena=SV&significance=W&eventid=0024", "link": "<a href='https://mesonet.agron.iastate.edu/vtec/?year=2011&wfo=KPHI&phenomena=SV&significance=W&eventid=0024'>Severe Thunderstorm Warning 24</a> &nbsp; ", "windtag": null, "hailtag": null, "tornadotag": null, "damagetag": null, "waterspouttag": null, "is_emergency": false, "is_pds": false, "windthreat": null, "hailthreat": null, "product_signature": "TFG", "floodtag_damage": null, "squalltag": null, "max_windtag": null, "max_hailtag": null, "max_is_pds": false, "max_is_emergency": false, "max_floodtag_damage": null}, "geometry": {"type": "MultiPolygon", "coordinates": [[[[-75.38, 39.34], [-75.42, 39.38], [-75.43, 39.37], [-75.44, 39.38], [-75.43, 39.39], [-75.47, 39.41], [-75.48, 39.43], [-75.54, 39.45], [-75.56, 39.48], [-75.36, 39.84], [-75.13, 39.75], [-75.38, 39.34]]]]}}, {"type": "Feature", "id": "JAN.TO.W.0148.2011-04-27T20:57:00Z", "properties": {"status": "CON", "phenomena": "TO", "significance": "W", "ps": "Tornado Warning", "wfo": "JAN", "eventid": 148, "polygon_begin": "2011-04-27T20:57:00Z", "polygon_end": "2011-04-27T21:04:00Z", "expire": "2011-04-27T21:15:00Z", "hvtec_nwsli": null, "year": 2011, "product_id": "201104272057-KJAN-WWUS54-SVSJAN-RRA", "issue": "2011-04-27T20:09:00Z", "expire_utc": "2011-04-27T21:15:00Z", "href": "https://mesonet.agron.iastate.edu/vtec/?year=2011&wfo=KJAN&phenomena=TO&significance=W&eventid=0148", "link": "<a href='https://mesonet.agron.iastate.edu/vtec/?year=2011&wfo=KJAN&phenomena=TO&significance=W&eventid=0148'>Tornado Warning 148</a> &nbsp; ", "windtag": null, "hailtag": null, "tornadotag": null, "damagetag": null, "waterspouttag": null, "is_emergency": true, "is_pds": false, "windthreat": null, "hailthreat": null, "product_signature": "GRG", "floodtag_damage": null, "squalltag": null, "max_windtag": null, "max_hailtag": null, "max_is_pds": false, "max_is_emergency": true, "max_floodtag_damage": null}, "geometry": {"type": "MultiPolygon", "coordinates": [[[[-88.38, 32.7], [-88.64, 32.75], [-88.59, 32.82], [-88.49, 32.93], [-88.34, 32.92], [-88.38, 32.7]]]]}}, {"type": "Feature", "id": "BMX.FF.W.0022.2011-04-27T20:57:00Z", "properties": {"status": "NEW", "phenomena": "FF", "significance": "W", "ps": "Flash Flood Warning", "wfo": "BMX", "eventid": 22, "polygon_begin": "2011-04-27T20:57:00Z", "polygon_end": "2011-04-28T00:00:00Z", "expire": "2011-04-28T00:00:00Z", "hvtec_nwsli": "00000", "year": 2011, "product_id": "201104272057-KBMX-WGUS54-FFWBMX", "issue": "2011-04-27T20:57:00Z", "expire_utc": "2011-04-28T00:00:00Z", "href": "https://mesonet.agron.iastate.edu/vtec/?year=2011&wfo=KBMX&phenomena=FF&significance=W&eventid=0022", "link": "<a href='https://mesonet.agron.iastate.edu/vtec/?year=2011&wfo=KBMX&phenomena=FF&significance=W&eventid=0022'>Flash Flood Warning 22</a> &nbsp; ", "windtag": null, "hailtag": null, "tornadotag": null, "damagetag": null, "waterspouttag": null, "is_emergency": false, "is_pds": false, "windthreat": null, "hailthreat": null, "product_signature": "56", "floodtag_damage": null, "squalltag": null, "max_windtag": null, "max_hailtag": null, "max_is_pds": false, "max_is_emergency": false, "max_floodtag_damage": null}, "geometry": {"type": "MultiPolygon", "coordinates": [[[[-87.49, 34.32], [-87.49, 34.01], [-87.95, 34.01], [-87.95, 34.03], [-87.98, 34.03], [-87.99, 34.06], [-88.21, 34.06], [-88.16, 34.33], [-87.49, 34.32]]]]}}, {"type": "Feature", "id": "JAN.TO.W.0151.2011-04-27T20:57:00Z", "properties": {"status": "CON", "phenomena": "TO", "significance": "W", "ps": "Tornado Warning", "wfo": "JAN", "eventid": 151, "polygon_begin": "2011-04-27T20:57:00Z", "polygon_end": "2011-04-27T21:09:00Z", "expire": "2011-04-27T21:28:00Z", "hvtec_nwsli": null, "year": 2011, "product_id": "201104272057-KJAN-WWUS54-SVSJAN", "issue": "2011-04-27T20:44:00Z", "expire_utc": "2011-04-27T21:28:00Z", "href": "https://mesonet.agron.iastate.edu/vtec/?year=2011&wfo=KJAN&phenomena=TO&significance=W&eventid=0151", "link": "<a href='https://mesonet.agron.iastate.edu/vtec/?year=2011&wfo=KJAN&phenomena=TO&significance=W&eventid=0151'>Tornado Warning 151</a> &nbsp; ", "windtag": null, "hailtag": null, "tornadotag": null, "damagetag": null, "waterspouttag": null, "is_emergency": false, "is_pds": false, "windthreat": null, "hailthreat": null, "product_signature": "GRG", "floodtag_damage": null, "squalltag": null, "max_windtag": null, "max_hailtag": null, "max_is_pds": false, "max_is_emergency": false, "max_floodtag_damage": null}, "geometry": {"type": "MultiPolygon", "coordinates": [[[[-88.48, 33.6], [-89.08, 33.47], [-89.08, 33.53], [-89.12, 33.54], [-89.13, 33.67], [-88.73, 33.82], [-88.71, 33.81], [-88.71, 33.69], [-88.48, 33.69], [-88.5, 33.65], [-88.49, 33.62], [-88.47, 33.61], [-88.48, 33.6]]]]}}, {"type": "Feature", "id": "OHX.SV.W.0142.2011-04-27T20:58:00Z", "properties": {"status": "NEW", "phenomena": "SV", "significance": "W", "ps": "Severe Thunderstorm Warning", "wfo": "OHX", "eventid": 142, "polygon_begin": "2011-04-27T20:58:00Z", "polygon_end": "2011-04-27T21:43:00Z", "expire": "2011-04-27T21:43:00Z", "hvtec_nwsli": null, "year": 2011, "product_id": "201104272058-KOHX-WUUS54-SVROHX", "issue": "2011-04-27T20:58:00Z", "expire_utc": "2011-04-27T21:43:00Z", "href": "https://mesonet.agron.iastate.edu/vtec/?year=2011&wfo=KOHX&phenomena=SV&significance=W&eventid=0142", "link": "<a href='https://mesonet.agron.iastate.edu/vtec/?year=2011&wfo=KOHX&phenomena=SV&significance=W&eventid=0142'>Severe Thunderstorm Warning 142</a> &nbsp; ", "windtag": null, "hailtag": null, "tornadotag": null, "damagetag": null, "waterspouttag": null, "is_emergency": false, "is_pds": false, "windthreat": null, "hailthreat": null, "product_signature": "21", "floodtag_damage": null, "squalltag": null, "max_windtag": null, "max_hailtag": null, "max_is_pds": false, "max_is_emergency": false, "max_floodtag_damage": null}, "geometry": {"type": "MultiPolygon", "coordinates": [[[[-85.18, 35.77], [-85.24, 35.76], [-85.26, 35.72], [-85.53, 35.58], [-85.68, 35.72], [-85.41, 36.09], [-85, 35.86], [-85.18, 35.77]]]]}}, {"type": "Feature", "id": "BMX.TO.W.0102.2011-04-27T20:58:00Z", "properties": {"status": "CON", "phenomena": "TO", "significance": "W", "ps": "Tornado Warning", "wfo": "BMX", "eventid": 102, "polygon_begin": "2011-04-27T20:58:00Z", "polygon_end": "2011-04-27T21:15:00Z", "expire": "2011-04-27T21:15:00Z", "hvtec_nwsli": null, "year": 2011, "product_id": "201104272058-KBMX-WWUS54-SVSBMX", "issue": "2011-04-27T20:15:00Z", "expire_utc": "2011-04-27T21:15:00Z", "href": "https://mesonet.agron.iastate.edu/vtec/?year=2011&wfo=KBMX&phenomena=TO&significance=W&eventid=0102", "link": "<a href='https://mesonet.agron.iastate.edu/vtec/?year=2011&wfo=KBMX&phenomena=TO&significance=W&eventid=0102'>Tornado Warning 102</a> &nbsp; ", "windtag": null, "hailtag": null, "tornadotag": null, "damagetag": null, "waterspouttag": null, "is_emergency": true, "is_pds": false, "windthreat": null, "hailthreat": null, "product_signature": "27", "floodtag_damage": null, "squalltag": null, "max_windtag": null, "max_hailtag": null, "max_is_pds": false, "max_is_emergency": true, "max_floodtag_damage": null}, "geometry": {"type": "MultiPolygon", "coordinates": [[[[-88.17, 33.53], [-87.67, 33.53], [-87.59, 33.38], [-88.16, 33.1], [-88.18, 33.43], [-88.17, 33.53]]]]}}, {"type": "Feature", "id": "JAN.TO.W.0149.2011-04-27T20:58:00Z", "properties": {"status": "CON", "phenomena": "TO", "significance": "W", "ps": "Tornado Warning", "wfo": "JAN", "eventid": 149, "polygon_begin": "2011-04-27T20:58:00Z", "polygon_end": "2011-04-27T21:15:00Z", "expire": "2011-04-27T21:15:00Z", "hvtec_nwsli": null, "year": 2011, "product_id": "201104272058-KJAN-WWUS54-SVSJAN", "issue": "2011-04-27T20:23:00Z", "expire_utc": "2011-04-27T21:15:00Z", "href": "https://mesonet.agron.iastate.edu/vtec/?year=2011&wfo=KJAN&phenomena=TO&significance=W&eventid=0149", "link": "<a href='https://mesonet.agron.iastate.edu/vtec/?year=2011&wfo=KJAN&phenomena=TO&significance=W&eventid=0149'>Tornado Warning 149</a> &nbsp; ", "windtag": null, "hailtag": null, "tornadotag": null, "damagetag": null, "waterspouttag": null, "is_emergency": false, "is_pds": false, "windthreat": null, "hailthreat": null, "product_signature": "DHB", "floodtag_damage": null, "squalltag": null, "max_windtag": null, "max_hailtag": null, "max_is_pds": false, "max_is_emergency": false, "max_floodtag_damage": null}, "geometry": {"type": "MultiPolygon", "coordinates": [[[[-90.02, 32.06], [-90.14, 32.07], [-90.12, 32.16], [-89.94, 32.36], [-89.81, 32.08], [-90.02, 32.06]]]]}}, {"type": "Feature", "id": "HUN.TO.W.0074.2011-04-27T20:59:00Z", "properties": {"status": "NEW", "phenomena": "TO", "significance": "W", "ps": "Tornado Warning", "wfo": "HUN", "eventid": 74, "polygon_begin": "2011-04-27T20:59:00Z", "polygon_end": "2011-04-27T21:06:00Z", "expire": "2011-04-27T21:30:00Z", "hvtec_nwsli": null, "year": 2011, "product_id": "201104272059-KHUN-WFUS54-TORHUN", "issue": "2011-04-27T20:59:00Z", "expire_utc": "2011-04-27T21:30:00Z", "href": "https://mesonet.agron.iastate.edu/vtec/?year=2011&wfo=KHUN&phenomena=TO&significance=W&eventid=0074", "link": "<a href='https://mesonet.agron.iastate.edu/vtec/?year=2011&wfo=KHUN&phenomena=TO&significance=W&eventid=0074'>Tornado Warning 74</a> &nbsp; ", "windtag": null, "hailtag": null, "tornadotag": null, "damagetag": null, "waterspouttag": null, "is_emergency": false, "is_pds": false, "windthreat": null, "hailthreat": null, "product_signature": "CCC", "floodtag_damage": null, "squalltag": null, "max_windtag": null, "max_hailtag": null, "max_is_pds": false, "max_is_emergency": false, "max_floodtag_damage": null}, "geometry": {"type": "MultiPolygon", "coordinates": [[[[-86.87, 34.17], [-86.63, 34.46], [-86.4, 34.35], [-86.5, 34.25], [-86.52, 34.25], [-86.52, 34.24], [-86.67, 34.09], [-86.69, 34.09], [-86.68, 34.07], [-86.7, 34.06], [-86.87, 34.17]]]]}}, {"type": "Feature", "id": "LWX.SV.W.0070.2011-04-27T21:00:00Z", "properties": {"status": "CON", "phenomena": "SV", "significance": "W", "ps": "Severe Thunderstorm Warning", "wfo": "LWX", "eventid": 70, "polygon_begin": "2011-04-27T21:00:00Z", "polygon_end": "2011-04-27T21:03:00Z", "expire": "2011-04-27T21:30:00Z", "hvtec_nwsli": null, "year": 2011, "product_id": "201104272100-KLWX-WWUS51-SVSLWX", "issue": "2011-04-27T20:44:00Z", "expire_utc": "2011-04-27T21:30:00Z", "href": "https://mesonet.agron.iastate.edu/vtec/?year=2011&wfo=KLWX&phenomena=SV&significance=W&eventid=0070", "link": "<a href='https://mesonet.agron.iastate.edu/vtec/?year=2011&wfo=KLWX&phenomena=SV&significance=W&eventid=0070'>Severe Thunderstorm Warning 70</a> &nbsp; ", "windtag": null, "hailtag": null, "tornadotag": null, "damagetag": null, "waterspouttag": null, "is_emergency": false, "is_pds": false, "windthreat": null, "hailthreat": null, "product_signature": "SBK", "floodtag_damage": null, "squalltag": null, "max_windtag": null, "max_hailtag": null, "max_is_pds": false, "max_is_emergency": false, "max_floodtag_damage": null}, "geometry": {"type": "MultiPolygon", "coordinates": [[[[-78, 38.13], [-78.08, 38.14], [-77.91, 38.54], [-77.8, 38.48], [-77.76, 38.45], [-77.76, 38.43], [-77.73, 38.41], [-77.71, 38.42], [-77.61, 38.35], [-77.61, 38.33], [-77.59, 38.33], [-77.58, 38.31], [-77.94, 38.11], [-78, 38.13]]]]}}, {"type": "Feature", "id": "BMX.TO.W.0106.2011-04-27T21:00:00Z", "properties": {"status": "NEW", "phenomena": "TO", "significance": "W", "ps": "Tornado Warning", "wfo": "BMX", "eventid": 106, "polygon_begin": "2011-04-27T21:00:00Z", "polygon_end": "2011-04-27T21:09:00Z", "expire": "2011-04-27T22:00:00Z", "hvtec_nwsli": null, "year": 2011, "product_id": "201104272100-KBMX-WFUS54-TORBMX", "issue": "2011-04-27T21:00:00Z", "expire_utc": "2011-04-27T22:00:00Z", "href": "https://mesonet.agron.iastate.edu/vtec/?year=2011&wfo=KBMX&phenomena=TO&significance=W&eventid=0106", "link": "<a href='https://mesonet.agron.iastate.edu/vtec/?year=2011&wfo=KBMX&phenomena=TO&significance=W&eventid=0106'>Tornado Warning 106</a> &nbsp; ", "windtag": null, "hailtag": null, "tornadotag": null, "damagetag": null, "waterspouttag": null, "is_emergency": true, "is_pds": false, "windthreat": null, "hailthreat": null, "product_signature": "27", "floodtag_damage": null, "squalltag": null, "max_windtag": null, "max_hailtag": null, "max_is_pds": false, "max_is_emergency": true, "max_floodtag_damage": null}, "geometry": {"type": "MultiPolygon", "coordinates": [[[[-87.96, 33.53], [-87.95, 33.53], [-87.95, 33.55], [-87.37, 34], [-87.16, 34], [-87.11, 33.99], [-87.09, 33.9], [-87, 33.89], [-86.97, 33.87], [-86.96, 33.8], [-87, 33.79], [-87.01, 33.74], [-87.34, 33.48], [-87.97, 33.29], [-88.09, 33.43], [-87.96, 33.53]]]]}}, {"type": "Feature", "id": "JAN.TO.W.0150.2011-04-27T21:00:00Z", "properties": {"status": "CON", "phenomena": "TO", "significance": "W", "ps": "Tornado Warning", "wfo": "JAN", "eventid": 150, "polygon_begin": "2011-04-27T21:00:00Z", "polygon_end": "2011-04-27T21:17:00Z", "expire": "2011-04-27T21:45:00Z", "hvtec_nwsli": null, "year": 2011, "product_id": "201104272100-KJAN-WWUS54-SVSJAN", "issue": "2011-04-27T20:41:00Z", "expire_utc": "2011-04-27T21:45:00Z", "href": "https://mesonet.agron.iastate.edu/vtec/?year=2011&wfo=KJAN&phenomena=TO&significance=W&eventid=0150", "link": "<a href='https://mesonet.agron.iastate.edu/vtec/?year=2011&wfo=KJAN&phenomena=TO&significance=W&eventid=0150'>Tornado Warning 150</a> &nbsp; ", "windtag": null, "hailtag": null, "tornadotag": null, "damagetag": null, "waterspouttag": null, "is_emergency": false, "is_pds": false, "windthreat": null, "hailthreat": null, "product_signature": "BYB", "floodtag_damage": null, "squalltag": null, "max_windtag": null, "max_hailtag": null, "max_is_pds": false, "max_is_emergency": false, "max_floodtag_damage": null}, "geometry": {"type": "MultiPolygon", "coordinates": [[[[-88.81, 33.29], [-88.82, 33.22], [-89.52, 32.99], [-89.61, 33.01], [-89.7, 33.17], [-89.49, 33.3], [-89.46, 33.29], [-89.45, 33.32], [-89.02, 33.57], [-88.87, 33.42], [-88.72, 33.32], [-88.81, 33.29]]]]}}, {"type": "Feature", "id": "TSA.FF.W.0026.2011-04-27T18:52:00Z", "properties": {"status": "CON", "phenomena": "FF", "significance": "W", "ps": "Flash Flood Warning", "wfo": "TSA", "eventid": 26, "polygon_begin": "2011-04-27T18:52:00Z", "polygon_end": "2011-04-27T21:19:00Z", "expire": "2011-04-27T21:19:00Z", "hvtec_nwsli": "00000", "year": 2011, "product_id": "201104271852-KTSA-WGUS74-FFSTSA", "issue": "2011-04-27T17:43:00Z", "expire_utc": "2011-04-27T21:19:00Z", "href": "https://mesonet.agron.iastate.edu/vtec/?year=2011&wfo=KTSA&phenomena=FF&significance=W&eventid=0026", "link": "<a href='https://mesonet.agron.iastate.edu/vtec/?year=2011&wfo=KTSA&phenomena=FF&significance=W&eventid=0026'>Flash Flood Warning 26</a> &nbsp; ", "windtag": null, "hailtag": null, "tornadotag": null, "damagetag": null, "waterspouttag": null, "is_emergency": false, "is_pds": false, "windthreat": null, "hailthreat": null, "product_signature": null, "floodtag_damage": null, "squalltag": null, "max_windtag": null, "max_hailtag": null, "max_is_pds": false, "max_is_emergency": false, "max_floodtag_damage": null}, "geometry": {"type": "MultiPolygon", "coordinates": [[[[-93.87, 36.23], [-93.88, 36.23], [-93.94, 36.09], [-94.8, 36.01], [-94.78, 36.39], [-93.86, 36.39], [-93.87, 36.24], [-93.87, 36.23]]]]}}, {"type": "Feature", "id": "MEG.FF.W.0089.2011-04-27T18:56:00Z", "properties": {"status": "NEW", "phenomena": "FF", "significance": "W", "ps": "Flash Flood Warning", "wfo": "MEG", "eventid": 89, "polygon_begin": "2011-04-27T18:56:00Z", "polygon_end": "2011-04-27T22:00:00Z", "expire": "2011-04-27T22:00:00Z", "hvtec_nwsli": "00000", "year": 2011, "product_id": "201104271856-KMEG-WGUS54-FFWMEG", "issue": "2011-04-27T18:56:00Z", "expire_utc": "2011-04-27T22:00:00Z", "href": "https://mesonet.agron.iastate.edu/vtec/?year=2011&wfo=KMEG&phenomena=FF&significance=W&eventid=0089", "link": "<a href='https://mesonet.agron.iastate.edu/vtec/?year=2011&wfo=KMEG&phenomena=FF&significance=W&eventid=0089'>Flash Flood Warning 89</a> &nbsp; ", "windtag": null, "hailtag": null, "tornadotag": null, "damagetag": null, "waterspouttag": null, "is_emergency": false, "is_pds": false, "windthreat": null, "hailthreat": null, "product_signature": null, "floodtag_damage": null, "squalltag": null, "max_windtag": null, "max_hailtag": null, "max_is_pds": false, "max_is_emergency": false, "max_floodtag_damage": null}, "geometry": {"type": "MultiPolygon", "coordinates": [[[[-88.02, 35.73], [-88.03, 35.01], [-88.18, 35.01], [-88.15, 34.94], [-89.72, 35.38], [-89.7, 35.87], [-89.01, 35.85], [-88.91, 35.8], [-88.6, 35.79], [-88.57, 35.83], [-87.98, 35.81], [-88.02, 35.73]]]]}}, {"type": "Feature", "id": "CTP.SV.W.0036.2011-04-27T20:55:00Z", "properties": {"status": "NEW", "phenomena": "SV", "significance": "W", "ps": "Severe Thunderstorm Warning", "wfo": "CTP", "eventid": 36, "polygon_begin": "2011-04-27T20:55:00Z", "polygon_end": "2011-04-27T21:45:00Z", "expire": "2011-04-27T21:45:00Z", "hvtec_nwsli": null, "year": 2011, "product_id": "201104272055-KCTP-WUUS51-SVRCTP", "issue": "2011-04-27T20:55:00Z", "expire_utc": "2011-04-27T21:45:00Z", "href": "https://mesonet.agron.iastate.edu/vtec/?year=2011&wfo=KCTP&phenomena=SV&significance=W&eventid=0036", "link": "<a href='https://mesonet.agron.iastate.edu/vtec/?year=2011&wfo=KCTP&phenomena=SV&significance=W&eventid=0036'>Severe Thunderstorm Warning 36</a> &nbsp; ", "windtag": null, "hailtag": null, "tornadotag": null, "damagetag": null, "waterspouttag": null, "is_emergency": false, "is_pds": false, "windthreat": null, "hailthreat": null, "product_signature": null, "floodtag_damage": null, "squalltag": null, "max_windtag": null, "max_hailtag": null, "max_is_pds": false, "max_is_emergency": false, "max_floodtag_damage": null}, "geometry": {"type": "MultiPolygon", "coordinates": [[[[-77.78, 42], [-78.57, 40.94], [-78.81, 40.99], [-78.81, 41.13], [-78.76, 41.21], [-78.72, 41.21], [-78.74, 41.26], [-78.85, 41.31], [-78.75, 42], [-77.78, 42]]]]}}, {"type": "Feature", "id": "PAH.TO.W.0119.2011-04-27T20:55:00Z", "properties": {"status": "NEW", "phenomena": "TO", "significance": "W", "ps": "Tornado Warning", "wfo": "PAH", "eventid": 119, "polygon_begin": "2011-04-27T20:55:00Z", "polygon_end": "2011-04-27T21:18:00Z", "expire": "2011-04-27T21:30:00Z", "hvtec_nwsli": null, "year": 2011, "product_id": "201104272055-KPAH-WFUS53-TORPAH", "issue": "2011-04-27T20:55:00Z", "expire_utc": "2011-04-27T21:30:00Z", "href": "https://mesonet.agron.iastate.edu/vtec/?year=2011&wfo=KPAH&phenomena=TO&significance=W&eventid=0119", "link": "<a href='https://mesonet.agron.iastate.edu/vtec/?year=2011&wfo=KPAH&phenomena=TO&significance=W&eventid=0119'>Tornado Warning 119</a> &nbsp; ", "windtag": null, "hailtag": null, "tornadotag": null, "damagetag": null, "waterspouttag": null, "is_emergency": false, "is_pds": false, "windthreat": null, "hailthreat": null, "product_signature": null, "floodtag_damage": null, "squalltag": null, "max_windtag": null, "max_hailtag": null, "max_is_pds": false, "max_is_emergency": false, "max_floodtag_damage": null}, "geometry": {"type": "MultiPolygon", "coordinates": [[[[-90.14, 36.99], [-90.01, 37.12], [-89.7, 37.19], [-89.53, 37.07], [-89.51, 36.88], [-89.53, 36.87], [-89.51, 36.85], [-89.5, 36.81], [-89.99, 36.72], [-90.14, 36.99]]]]}}, {"type": "Feature", "id": "MEG.TO.W.0125.2011-04-27T20:57:00Z", "properties": {"status": "CON", "phenomena": "TO", "significance": "W", "ps": "Tornado Warning", "wfo": "MEG", "eventid": 125, "polygon_begin": "2011-04-27T20:57:00Z", "polygon_end": "2011-04-27T21:15:00Z", "expire": "2011-04-27T21:15:00Z", "hvtec_nwsli": null, "year": 2011, "product_id": "201104272057-KMEG-WWUS54-SVSMEG", "issue": "2011-04-27T20:21:00Z", "expire_utc": "2011-04-27T21:15:00Z", "href": "https://mesonet.agron.iastate.edu/vtec/?year=2011&wfo=KMEG&phenomena=TO&significance=W&eventid=0125", "link": "<a href='https://mesonet.agron.iastate.edu/vtec/?year=2011&wfo=KMEG&phenomena=TO&significance=W&eventid=0125'>Tornado Warning 125</a> &nbsp; ", "windtag": null, "hailtag": null, "tornadotag": null, "damagetag": null, "waterspouttag": null, "is_emergency": false, "is_pds": false, "windthreat": null, "hailthreat": null, "product_signature": null, "floodtag_damage": null, "squalltag": null, "max_windtag": null, "max_hailtag": null, "max_is_pds": false, "max_is_emergency": false, "max_floodtag_damage": null}, "geometry": {"type": "MultiPolygon", "coordinates": [[[[-88.19, 34.1], [-88.35, 34.05], [-88.48, 34.06], [-88.58, 34.14], [-88.16, 34.36], [-88.16, 34.3], [-88.19, 34.1]]]]}}, {"type": "Feature", "id": "PAH.TO.W.0120.2011-04-27T20:59:00Z", "properties": {"status": "NEW", "phenomena": "TO", "significance": "W", "ps": "Tornado Warning", "wfo": "PAH", "eventid": 120, "polygon_begin": "2011-04-27T20:59:00Z", "polygon_end": "2011-04-27T21:11:00Z", "expire": "2011-04-27T21:30:00Z", "hvtec_nwsli": null, "year": 2011, "product_id": "201104272059-KPAH-WFUS53-TORPAH", "issue": "2011-04-27T20:59:00Z", "expire_utc": "2011-04-27T21:30:00Z", "href": "https://mesonet.agron.iastate.edu/vtec/?year=2011&wfo=KPAH&phenomena=TO&significance=W&eventid=0120", "link": "<a href='https://mesonet.agron.iastate.edu/vtec/?year=2011&wfo=KPAH&phenomena=TO&significance=W&eventid=0120'>Tornado Warning 120</a> &nbsp; ", "windtag": null, "hailtag": null, "tornadotag": null, "damagetag": null, "waterspouttag": null, "is_emergency": false, "is_pds": false, "windthreat": null, "hailthreat": null, "product_signature": null, "floodtag_damage": null, "squalltag": null, "max_windtag": null, "max_hailtag": null, "max_is_pds": false, "max_is_emergency": false, "max_floodtag_damage": null}, "geometry": {"type": "MultiPolygon", "coordinates": [[[[-89.71, 37.17], [-89.81, 37.42], [-89.51, 37.54], [-89.5, 37.49], [-89.44, 37.44], [-89.42, 37.41], [-89.43, 37.36], [-89.47, 37.34], [-89.35, 37.34], [-89.33, 37.25], [-89.54, 37.06], [-89.71, 37.17]]]]}}, {"type": "Feature", "id": "LSX.FA.W.0003.2011-04-27T16:07:00Z", "properties": {"status": "NEW", "phenomena": "FA", "significance": "W", "ps": "Flood Warning", "wfo": "LSX", "eventid": 3, "polygon_begin": "2011-04-27T16:07:00Z", "polygon_end": "2011-04-28T04:43:00Z", "expire": "2011-04-28T16:00:00Z", "hvtec_nwsli": "00000", "year": 2011, "product_id": "201104271607-KLSX-WGUS43-FLWLSX", "issue": "2011-04-27T16:07:00Z", "expire_utc": "2011-04-28T16:00:00Z", "href": "https://mesonet.agron.iastate.edu/vtec/?year=2011&wfo=KLSX&phenomena=FA&significance=W&eventid=0003", "link": "<a href='https://mesonet.agron.iastate.edu/vtec/?year=2011&wfo=KLSX&phenomena=FA&significance=W&eventid=0003'>Flood Warning 3</a> &nbsp; ", "windtag": null, "hailtag": null, "tornadotag": null, "damagetag": null, "waterspouttag": null, "is_emergency": false, "is_pds": false, "windthreat": null, "hailthreat": null, "product_signature": "BRITT", "floodtag_damage": null, "squalltag": null, "max_windtag": null, "max_hailtag": null, "max_is_pds": false, "max_is_emergency": false, "max_floodtag_damage": null}, "geometry": {"type": "MultiPolygon", "coordinates": [[[[-89.14, 38.47], [-89.15, 38.21], [-89.59, 38.21], [-89.69, 37.82], [-89.93, 37.88], [-90.14, 37.65], [-90.14, 37.32], [-90.73, 37.27], [-90.78, 37.05], [-90.97, 37.05], [-91.14, 37.2], [-91.23, 37.5], [-91.32, 37.51], [-91.17, 37.69], [-91.54, 37.79], [-91.54, 38.21], [-89.59, 38.53], [-88.7, 38.83], [-88.7, 38.48], [-89.14, 38.47]]]]}}, {"type": "Feature", "id": "OHX.FA.W.0002.2011-04-27T17:23:00Z", "properties": {"status": "NEW", "phenomena": "FA", "significance": "W", "ps": "Flood Warning", "wfo": "OHX", "eventid": 2, "polygon_begin": "2011-04-27T17:23:00Z", "polygon_end": "2011-04-28T02:29:00Z", "expire": "2011-04-28T17:15:00Z", "hvtec_nwsli": "00000", "year": 2011, "product_id": "201104271723-KOHX-WGUS44-FLWOHX", "issue": "2011-04-27T17:23:00Z", "expire_utc": "2011-04-28T17:15:00Z", "href": "https://mesonet.agron.iastate.edu/vtec/?year=2011&wfo=KOHX&phenomena=FA&significance=W&eventid=0002", "link": "<a href='https://mesonet.agron.iastate.edu/vtec/?year=2011&wfo=KOHX&phenomena=FA&significance=W&eventid=0002'>Flood Warning 2</a> &nbsp; ", "windtag": null, "hailtag": null, "tornadotag": null, "damagetag": null, "waterspouttag": null, "is_emergency": false, "is_pds": false, "windthreat": null, "hailthreat": null, "product_signature": "LAROSA", "floodtag_damage": null, "squalltag": null, "max_windtag": null, "max_hailtag": null, "max_is_pds": false, "max_is_emergency": false, "max_floodtag_damage": null}, "geometry": {"type": "MultiPolygon", "coordinates": [[[[-86.95, 36.28], [-86.96, 36.26], [-86.97, 36.25], [-86.97, 36.23], [-87.01, 36.14], [-87.28, 36.32], [-87.2, 36.41], [-86.95, 36.28]]]]}}, {"type": "Feature", "id": "OHX.FA.W.0003.2011-04-27T17:30:00Z", "properties": {"status": "NEW", "phenomena": "FA", "significance": "W", "ps": "Flood Warning", "wfo": "OHX", "eventid": 3, "polygon_begin": "2011-04-27T17:30:00Z", "polygon_end": "2011-04-28T02:33:00Z", "expire": "2011-04-28T17:30:00Z", "hvtec_nwsli": "00000", "year": 2011, "product_id": "201104271730-KOHX-WGUS44-FLWOHX", "issue": "2011-04-27T17:30:00Z", "expire_utc": "2011-04-28T17:30:00Z", "href": "https://mesonet.agron.iastate.edu/vtec/?year=2011&wfo=KOHX&phenomena=FA&significance=W&eventid=0003", "link": "<a href='https://mesonet.agron.iastate.edu/vtec/?year=2011&wfo=KOHX&phenomena=FA&significance=W&eventid=0003'>Flood Warning 3</a> &nbsp; ", "windtag": null, "hailtag": null, "tornadotag": null, "damagetag": null, "waterspouttag": null, "is_emergency": false, "is_pds": false, "windthreat": null, "hailthreat": null, "product_signature": "LAROSA", "floodtag_damage": null, "squalltag": null, "max_windtag": null, "max_hailtag": null, "max_is_pds": false, "max_is_emergency": false, "max_floodtag_damage": null}, "geometry": {"type": "MultiPolygon", "coordinates": [[[[-87.85, 36.65], [-87.82, 36.65], [-87.62, 36.52], [-87.6, 36.37], [-87.84, 36.37], [-87.94, 36.48], [-87.99, 36.68], [-87.87, 36.68], [-87.85, 36.65]]]]}}, {"type": "Feature", "id": "GRR.FA.Y.0004.2011-04-27T18:39:00Z", "properties": {"status": "NEW", "phenomena": "FA", "significance": "Y", "ps": "Flood Advisory", "wfo": "GRR", "eventid": 4, "polygon_begin": "2011-04-27T18:39:00Z", "polygon_end": "2011-04-28T03:10:00Z", "expire": "2011-05-01T16:59:00Z", "hvtec_nwsli": "00000", "year": 2011, "product_id": "201104271839-KGRR-WGUS83-FLSGRR", "issue": "2011-04-27T18:39:00Z", "expire_utc": "2011-05-01T16:59:00Z", "href": "https://mesonet.agron.iastate.edu/vtec/?year=2011&wfo=KGRR&phenomena=FA&significance=Y&eventid=0004", "link": "<a href='https://mesonet.agron.iastate.edu/vtec/?year=2011&wfo=KGRR&phenomena=FA&significance=Y&eventid=0004'>Flood Advisory 4</a> &nbsp; ", "windtag": null, "hailtag": null, "tornadotag": null, "damagetag": null, "waterspouttag": null, "is_emergency": false, "is_pds": false, "windthreat": null, "hailthreat": null, "product_signature": "TJT", "floodtag_damage": null, "squalltag": null, "max_windtag": null, "max_hailtag": null, "max_is_pds": false, "max_is_emergency": false, "max_floodtag_damage": null}, "geometry": {"type": "MultiPolygon", "coordinates": [[[[-86.44, 43.8], [-86.52, 44.06], [-86.37, 44.2], [-84.61, 44.16], [-84.6, 43.47], [-84.36, 43.47], [-84.36, 42.78], [-84.15, 42.78], [-84.14, 42.07], [-86.23, 42.07], [-86.23, 42.24], [-86.37, 42.25], [-86.23, 42.58], [-86.23, 42.97], [-86.55, 43.61], [-86.44, 43.8]]]]}}, {"type": "Feature", "id": "MEG.FA.W.0005.2011-04-27T19:32:00Z", "properties": {"status": "NEW", "phenomena": "FA", "significance": "W", "ps": "Flood Warning", "wfo": "MEG", "eventid": 5, "polygon_begin": "2011-04-27T19:32:00Z", "polygon_end": "2011-04-29T23:24:00Z", "expire": "2011-04-29T19:30:00Z", "hvtec_nwsli": "00000", "year": 2011, "product_id": "201104271932-KMEG-WGUS44-FLWMEG", "issue": "2011-04-27T19:32:00Z", "expire_utc": "2011-04-29T19:30:00Z", "href": "https://mesonet.agron.iastate.edu/vtec/?year=2011&wfo=KMEG&phenomena=FA&significance=W&eventid=0005", "link": "<a href='https://mesonet.agron.iastate.edu/vtec/?year=2011&wfo=KMEG&phenomena=FA&significance=W&eventid=0005'>Flood Warning 5</a> &nbsp; ", "windtag": null, "hailtag": null, "tornadotag": null, "damagetag": null, "waterspouttag": null, "is_emergency": false, "is_pds": false, "windthreat": null, "hailthreat": null, "product_signature": "30/SIRMON", "floodtag_damage": null, "squalltag": null, "max_windtag": null, "max_hailtag": null, "max_is_pds": false, "max_is_emergency": false, "max_floodtag_damage": null}, "geometry": {"type": "MultiPolygon", "coordinates": [[[[-90.66, 34.06], [-90.67, 34.12], [-91.08, 34.14], [-91.05, 34.34], [-91, 34.35], [-91, 34.47], [-91.03, 34.47], [-90.94, 35.06], [-89.72, 35.39], [-89.72, 34.2], [-89.7, 34.19], [-89.69, 33.87], [-90.66, 34.06]]]]}}, {"type": "Feature", "id": "PAH.FA.W.0008.2011-04-27T14:10:00Z", "properties": {"status": "NEW", "phenomena": "FA", "significance": "W", "ps": "Flood Warning", "wfo": "PAH", "eventid": 8, "polygon_begin": "2011-04-27T14:10:00Z", "polygon_end": "2011-04-27T22:04:00Z", "expire": "2011-04-28T02:00:00Z", "hvtec_nwsli": "00000", "year": 2011, "product_id": "201104271410-KPAH-WGUS43-FLWPAH", "issue": "2011-04-27T14:10:00Z", "expire_utc": "2011-04-28T02:00:00Z", "href": "https://mesonet.agron.iastate.edu/vtec/?year=2011&wfo=KPAH&phenomena=FA&significance=W&eventid=0008", "link": "<a href='https://mesonet.agron.iastate.edu/vtec/?year=2011&wfo=KPAH&phenomena=FA&significance=W&eventid=0008'>Flood Warning 8</a> &nbsp; ", "windtag": null, "hailtag": null, "tornadotag": null, "damagetag": null, "waterspouttag": null, "is_emergency": false, "is_pds": false, "windthreat": null, "hailthreat": null, "product_signature": null, "floodtag_damage": null, "squalltag": null, "max_windtag": null, "max_hailtag": null, "max_is_pds": false, "max_is_emergency": false, "max_floodtag_damage": null}, "geometry": {"type": "MultiPolygon", "coordinates": [[[[-89.97, 36.38], [-89.97, 36.62], [-91.14, 36.49], [-91.23, 37.08], [-90.16, 37.32], [-90.02, 37.81], [-89.7, 37.81], [-89.6, 38.21], [-89.17, 38.22], [-89.14, 38.48], [-87.11, 38.54], [-87.07, 38.21], [-86.79, 38.2], [-86.98, 37.91], [-86.83, 37.67], [-87.11, 37.48], [-86.9, 37.13], [-87.07, 36.65], [-89.4, 36.53], [-89.53, 36.35], [-89.97, 36.38]]]]}}, {"type": "Feature", "id": "MEG.FA.W.0006.2011-04-27T19:58:00Z", "properties": {"status": "NEW", "phenomena": "FA", "significance": "W", "ps": "Flood Warning", "wfo": "MEG", "eventid": 6, "polygon_begin": "2011-04-27T19:58:00Z", "polygon_end": "2011-04-29T23:25:00Z", "expire": "2011-04-29T20:00:00Z", "hvtec_nwsli": "00000", "year": 2011, "product_id": "201104271958-KMEG-WGUS44-FLWMEG", "issue": "2011-04-27T19:58:00Z", "expire_utc": "2011-04-29T20:00:00Z", "href": "https://mesonet.agron.iastate.edu/vtec/?year=2011&wfo=KMEG&phenomena=FA&significance=W&eventid=0006", "link": "<a href='https://mesonet.agron.iastate.edu/vtec/?year=2011&wfo=KMEG&phenomena=FA&significance=W&eventid=0006'>Flood Warning 6</a> &nbsp; ", "windtag": null, "hailtag": null, "tornadotag": null, "damagetag": null, "waterspouttag": null, "is_emergency": false, "is_pds": false, "windthreat": null, "hailthreat": null, "product_signature": null, "floodtag_damage": null, "squalltag": null, "max_windtag": null, "max_hailtag": null, "max_is_pds": false, "max_is_emergency": false, "max_floodtag_damage": null}, "geometry": {"type": "MultiPolygon", "coordinates": [[[[-90.88, 35.88], [-90.87, 35.89], [-89.71, 35.92], [-89.72, 35.38], [-91.01, 35.07], [-91.04, 35.89], [-90.88, 35.88]]]]}}, {"type": "Feature", "id": "MRX.FA.Y.0037.2011-04-27T20:39:00Z", "properties": {"status": "NEW", "phenomena": "FA", "significance": "Y", "ps": "Flood Advisory", "wfo": "MRX", "eventid": 37, "polygon_begin": "2011-04-27T20:39:00Z", "polygon_end": "2011-04-27T23:30:00Z", "expire": "2011-04-27T23:30:00Z", "hvtec_nwsli": "00000", "year": 2011, "product_id": "201104272039-KMRX-WGUS84-FLSMRX", "issue": "2011-04-27T20:39:00Z", "expire_utc": "2011-04-27T23:30:00Z", "href": "https://mesonet.agron.iastate.edu/vtec/?year=2011&wfo=KMRX&phenomena=FA&significance=Y&eventid=0037", "link": "<a href='https://mesonet.agron.iastate.edu/vtec/?year=2011&wfo=KMRX&phenomena=FA&significance=Y&eventid=0037'>Flood Advisory 37</a> &nbsp; ", "windtag": null, "hailtag": null, "tornadotag": null, "damagetag": null, "waterspouttag": null, "is_emergency": false, "is_pds": false, "windthreat": null, "hailthreat": null, "product_signature": "TD", "floodtag_damage": null, "squalltag": null, "max_windtag": null, "max_hailtag": null, "max_is_pds": false, "max_is_emergency": false, "max_floodtag_damage": null}, "geometry": {"type": "MultiPolygon", "coordinates": [[[[-84.89, 35.37], [-83.9, 35.93], [-83.67, 35.69], [-84.65, 35.24], [-84.89, 35.37]]]]}}, {"type": "Feature", "id": "BTV.FA.Y.0018.2011-04-25T15:30:00Z", "properties": {"status": "NEW", "phenomena": "FA", "significance": "Y", "ps": "Flood Advisory", "wfo": "BTV", "eventid": 18, "polygon_begin": "2011-04-25T15:30:00Z", "polygon_end": "2011-04-28T15:30:00Z", "expire": "2011-04-28T15:30:00Z", "hvtec_nwsli": "00000", "year": 2011, "product_id": "201104251530-KBTV-WGUS81-FLSBTV", "issue": "2011-04-25T15:30:00Z", "expire_utc": "2011-04-28T15:30:00Z", "href": "https://mesonet.agron.iastate.edu/vtec/?year=2011&wfo=KBTV&phenomena=FA&significance=Y&eventid=0018", "link": "<a href='https://mesonet.agron.iastate.edu/vtec/?year=2011&wfo=KBTV&phenomena=FA&significance=Y&eventid=0018'>Flood Advisory 18</a> &nbsp; ", "windtag": null, "hailtag": null, "tornadotag": null, "damagetag": null, "waterspouttag": null, "is_emergency": false, "is_pds": false, "windthreat": null, "hailthreat": null, "product_signature": "HANSON", "floodtag_damage": null, "squalltag": null, "max_windtag": null, "max_hailtag": null, "max_is_pds": false, "max_is_emergency": false, "max_floodtag_damage": null}, "geometry": {"type": "MultiPolygon", "coordinates": [[[[-74.74, 45], [-74.75, 44.9], [-74.92, 44.71], [-74.55, 44.3], [-74.54, 44.11], [-74.69, 44.09], [-75.05, 44.5], [-75.15, 44.7], [-75.03, 44.86], [-74.74, 45]]]]}}, {"type": "Feature", "id": "BIS.FA.W.0010.2011-04-26T20:38:00Z", "properties": {"status": "CON", "phenomena": "FA", "significance": "W", "ps": "Flood Warning", "wfo": "BIS", "eventid": 10, "polygon_begin": "2011-04-26T20:38:00Z", "polygon_end": "2011-04-29T16:44:00Z", "expire": "2011-04-29T16:44:00Z", "hvtec_nwsli": "00000", "year": 2011, "product_id": "201104262038-KBIS-WGUS83-FLSBIS", "issue": "2011-04-22T17:31:00Z", "expire_utc": "2011-04-29T16:44:00Z", "href": "https://mesonet.agron.iastate.edu/vtec/?year=2011&wfo=KBIS&phenomena=FA&significance=W&eventid=0010", "link": "<a href='https://mesonet.agron.iastate.edu/vtec/?year=2011&wfo=KBIS&phenomena=FA&significance=W&eventid=0010'>Flood Warning 10</a> &nbsp; ", "windtag": null, "hailtag": null, "tornadotag": null, "damagetag": null, "waterspouttag": null, "is_emergency": false, "is_pds": false, "windthreat": null, "hailthreat": null, "product_signature": "AYD", "floodtag_damage": null, "squalltag": null, "max_windtag": null, "max_hailtag": null, "max_is_pds": false, "max_is_emergency": false, "max_floodtag_damage": null}, "geometry": {"type": "MultiPolygon", "coordinates": [[[[-98, 45.94], [-99.88, 45.95], [-99.88, 46.28], [-99.04, 46.29], [-99.03, 46.63], [-99.45, 46.64], [-99.48, 47.33], [-98.48, 47.33], [-98.43, 46.64], [-98.03, 46.63], [-98.04, 46.28], [-98.01, 46.27], [-98, 45.94]]]]}}, {"type": "Feature", "id": "PAH.FF.W.0048.2011-04-27T19:32:00Z", "properties": {"status": "NEW", "phenomena": "FF", "significance": "W", "ps": "Flash Flood Warning", "wfo": "PAH", "eventid": 48, "polygon_begin": "2011-04-27T19:32:00Z", "polygon_end": "2011-04-28T07:30:00Z", "expire": "2011-04-28T07:30:00Z", "hvtec_nwsli": "00000", "year": 2011, "product_id": "201104271932-KPAH-WGUS53-FFWPAH", "issue": "2011-04-27T19:32:00Z", "expire_utc": "2011-04-28T07:30:00Z", "href": "https://mesonet.agron.iastate.edu/vtec/?year=2011&wfo=KPAH&phenomena=FF&significance=W&eventid=0048", "link": "<a href='https://mesonet.agron.iastate.edu/vtec/?year=2011&wfo=KPAH&phenomena=FF&significance=W&eventid=0048'>Flash Flood Warning 48</a> &nbsp; ", "windtag": null, "hailtag": null, "tornadotag": null, "damagetag": null, "waterspouttag": null, "is_emergency": false, "is_pds": false, "windthreat": null, "hailthreat": null, "product_signature": "SMITH", "floodtag_damage": null, "squalltag": null, "max_windtag": null, "max_hailtag": null, "max_is_pds": false, "max_is_emergency": false, "max_floodtag_damage": null}, "geometry": {"type": "MultiPolygon", "coordinates": [[[[-90.58, 36.5], [-90.6, 36.68], [-90.63, 36.69], [-90.63, 36.81], [-90.67, 36.82], [-90.68, 36.92], [-90.67, 36.93], [-90.26, 36.92], [-90.26, 36.87], [-90.22, 36.85], [-90.21, 36.78], [-90.15, 36.68], [-90.15, 36.63], [-90.18, 36.6], [-90.18, 36.55], [-90.23, 36.5], [-90.58, 36.5]]]]}}, {"type": "Feature", "id": "OHX.FF.W.0023.2011-04-27T17:08:00Z", "properties": {"status": "NEW", "phenomena": "FF", "significance": "W", "ps": "Flash Flood Warning", "wfo": "OHX", "eventid": 23, "polygon_begin": "2011-04-27T17:08:00Z", "polygon_end": "2011-04-27T23:15:00Z", "expire": "2011-04-27T23:15:00Z", "hvtec_nwsli": "00000", "year": 2011, "product_id": "201104271708-KOHX-WGUS54-FFWOHX", "issue": "2011-04-27T17:08:00Z", "expire_utc": "2011-04-27T23:15:00Z", "href": "https://mesonet.agron.iastate.edu/vtec/?year=2011&wfo=KOHX&phenomena=FF&significance=W&eventid=0023", "link": "<a href='https://mesonet.agron.iastate.edu/vtec/?year=2011&wfo=KOHX&phenomena=FF&significance=W&eventid=0023'>Flash Flood Warning 23</a> &nbsp; ", "windtag": null, "hailtag": null, "tornadotag": null, "damagetag": null, "waterspouttag": null, "is_emergency": false, "is_pds": false, "windthreat": null, "hailthreat": null, "product_signature": "07", "floodtag_damage": null, "squalltag": null, "max_windtag": null, "max_hailtag": null, "max_is_pds": false, "max_is_emergency": false, "max_floodtag_damage": null}, "geometry": {"type": "MultiPolygon", "coordinates": [[[[-86.94, 35.46], [-86.92, 35.46], [-86.83, 35.55], [-86.8, 35.7], [-86.53, 35.7], [-86.4, 35.62], [-86.34, 35.67], [-86.23, 35.64], [-86.27, 35.41], [-86.36, 35.35], [-86.43, 35.32], [-86.49, 35.36], [-86.58, 35.37], [-86.6, 35.34], [-86.67, 35.32], [-86.73, 35.27], [-86.81, 35.26], [-86.83, 35.01], [-87.13, 35.01], [-86.94, 35.46]]]]}}, {"type": "Feature", "id": "BIS.FA.W.0009.2011-04-26T20:39:00Z", "properties": {"status": "CON", "phenomena": "FA", "significance": "W", "ps": "Flood Warning", "wfo": "BIS", "eventid": 9, "polygon_begin": "2011-04-26T20:39:00Z", "polygon_end": "2011-05-02T14:31:00Z", "expire": "2011-05-04T13:59:00Z", "hvtec_nwsli": "00000", "year": 2011, "product_id": "201104262039-KBIS-WGUS83-FLSBIS", "issue": "2011-04-14T15:11:00Z", "expire_utc": "2011-05-04T13:59:00Z", "href": "https://mesonet.agron.iastate.edu/vtec/?year=2011&wfo=KBIS&phenomena=FA&significance=W&eventid=0009", "link": "<a href='https://mesonet.agron.iastate.edu/vtec/?year=2011&wfo=KBIS&phenomena=FA&significance=W&eventid=0009'>Flood Warning 9</a> &nbsp; ", "windtag": null, "hailtag": null, "tornadotag": null, "damagetag": null, "waterspouttag": null, "is_emergency": false, "is_pds": false, "windthreat": null, "hailthreat": null, "product_signature": "AYD", "floodtag_damage": null, "squalltag": null, "max_windtag": null, "max_hailtag": null, "max_is_pds": false, "max_is_emergency": false, "max_floodtag_damage": null}, "geometry": {"type": "MultiPolygon", "coordinates": [[[[-99.53, 49], [-99.48, 48.38], [-99.85, 48.37], [-99.81, 47.85], [-102.38, 47.85], [-102.39, 47.75], [-102.65, 47.83], [-102.65, 47.9], [-102.55, 48], [-102.75, 48.13], [-102.82, 48.12], [-102.89, 48.72], [-102.94, 48.73], [-102.94, 49.01], [-99.53, 49]]]]}}, {"type": "Feature", "id": "IND.FA.W.0025.2011-04-27T09:32:00Z", "properties": {"status": "NEW", "phenomena": "FA", "significance": "W", "ps": "Flood Warning", "wfo": "IND", "eventid": 25, "polygon_begin": "2011-04-27T09:32:00Z", "polygon_end": "2011-04-27T22:31:00Z", "expire": "2011-04-27T15:30:00Z", "hvtec_nwsli": "00000", "year": 2011, "product_id": "201104270932-KIND-WGUS43-FLWIND", "issue": "2011-04-27T09:32:00Z", "expire_utc": "2011-04-27T15:30:00Z", "href": "https://mesonet.agron.iastate.edu/vtec/?year=2011&wfo=KIND&phenomena=FA&significance=W&eventid=0025", "link": "<a href='https://mesonet.agron.iastate.edu/vtec/?year=2011&wfo=KIND&phenomena=FA&significance=W&eventid=0025'>Flood Warning 25</a> &nbsp; ", "windtag": null, "hailtag": null, "tornadotag": null, "damagetag": null, "waterspouttag": null, "is_emergency": false, "is_pds": false, "windthreat": null, "hailthreat": null, "product_signature": "KOCH", "floodtag_damage": null, "squalltag": null, "max_windtag": null, "max_hailtag": null, "max_is_pds": false, "max_is_emergency": false, "max_floodtag_damage": null}, "geometry": {"type": "MultiPolygon", "coordinates": [[[[-86.03, 38.76], [-86.02, 39.1], [-85.53, 39.13], [-85.52, 38.91], [-85.54, 38.91], [-85.55, 38.89], [-85.58, 38.88], [-85.59, 38.85], [-85.62, 38.85], [-85.62, 38.83], [-85.65, 38.81], [-85.7, 38.81], [-85.74, 38.82], [-85.81, 38.8], [-85.84, 38.76], [-85.95, 38.75], [-86.03, 38.76]]]]}}, {"type": "Feature", "id": "SGF.FA.W.0027.2011-04-27T15:31:00Z", "properties": {"status": "CON", "phenomena": "FA", "significance": "W", "ps": "Flood Warning", "wfo": "SGF", "eventid": 27, "polygon_begin": "2011-04-27T15:31:00Z", "polygon_end": "2011-04-28T02:45:00Z", "expire": "2011-04-27T23:00:00Z", "hvtec_nwsli": "00000", "year": 2011, "product_id": "201104271531-KSGF-WGUS83-FLSSGF", "issue": "2011-04-27T05:00:00Z", "expire_utc": "2011-04-27T23:00:00Z", "href": "https://mesonet.agron.iastate.edu/vtec/?year=2011&wfo=KSGF&phenomena=FA&significance=W&eventid=0027", "link": "<a href='https://mesonet.agron.iastate.edu/vtec/?year=2011&wfo=KSGF&phenomena=FA&significance=W&eventid=0027'>Flood Warning 27</a> &nbsp; ", "windtag": null, "hailtag": null, "tornadotag": null, "damagetag": null, "waterspouttag": null, "is_emergency": false, "is_pds": false, "windthreat": null, "hailthreat": null, "product_signature": "SCHAUMANN", "floodtag_damage": null, "squalltag": null, "max_windtag": null, "max_hailtag": null, "max_is_pds": false, "max_is_emergency": false, "max_floodtag_damage": null}, "geometry": {"type": "MultiPolygon", "coordinates": [[[[-93.07, 36.73], [-93.01, 36.68], [-93.01, 36.62], [-93.01, 36.58], [-92.99, 36.5], [-93.08, 36.5], [-93.25, 36.5], [-93.59, 36.5], [-93.83, 36.5], [-93.74, 36.63], [-93.61, 36.67], [-93.57, 36.82], [-93.43, 36.82], [-93.46, 36.72], [-93.39, 36.68], [-93.19, 36.73], [-93.07, 36.73]]]]}}, {"type": "Feature", "id": "BTV.FA.W.0012.2011-04-27T17:16:00Z", "properties": {"status": "CON", "phenomena": "FA", "significance": "W", "ps": "Flood Warning", "wfo": "BTV", "eventid": 12, "polygon_begin": "2011-04-27T17:16:00Z", "polygon_end": "2011-04-27T23:30:00Z", "expire": "2011-04-27T23:30:00Z", "hvtec_nwsli": "00000", "year": 2011, "product_id": "201104271716-KBTV-WGUS81-FLSBTV", "issue": "2011-04-27T11:32:00Z", "expire_utc": "2011-04-27T23:30:00Z", "href": "https://mesonet.agron.iastate.edu/vtec/?year=2011&wfo=KBTV&phenomena=FA&significance=W&eventid=0012", "link": "<a href='https://mesonet.agron.iastate.edu/vtec/?year=2011&wfo=KBTV&phenomena=FA&significance=W&eventid=0012'>Flood Warning 12</a> &nbsp; ", "windtag": null, "hailtag": null, "tornadotag": null, "damagetag": null, "waterspouttag": null, "is_emergency": false, "is_pds": false, "windthreat": null, "hailthreat": null, "product_signature": "HANSON", "floodtag_damage": null, "squalltag": null, "max_windtag": null, "max_hailtag": null, "max_is_pds": false, "max_is_emergency": false, "max_floodtag_damage": null}, "geometry": {"type": "MultiPolygon", "coordinates": [[[[-73.04, 44.65], [-72.92, 44.63], [-72.81, 44.55], [-72.83, 44.52], [-72.81, 44.5], [-72.83, 44.48], [-72.81, 44.45], [-72.83, 44.46], [-72.84, 44.46], [-73.08, 44.51], [-73.18, 44.58], [-73.13, 44.69], [-73.04, 44.65]]]]}}, {"type": "Feature", "id": "BMX.FA.Y.0043.2011-04-27T19:17:00Z", "properties": {"status": "NEW", "phenomena": "FA", "significance": "Y", "ps": "Flood Advisory", "wfo": "BMX", "eventid": 43, "polygon_begin": "2011-04-27T19:17:00Z", "polygon_end": "2011-04-27T21:15:00Z", "expire": "2011-04-27T21:15:00Z", "hvtec_nwsli": "00000", "year": 2011, "product_id": "201104271917-KBMX-WGUS84-FLSBMX", "issue": "2011-04-27T19:17:00Z", "expire_utc": "2011-04-27T21:15:00Z", "href": "https://mesonet.agron.iastate.edu/vtec/?year=2011&wfo=KBMX&phenomena=FA&significance=Y&eventid=0043", "link": "<a href='https://mesonet.agron.iastate.edu/vtec/?year=2011&wfo=KBMX&phenomena=FA&significance=Y&eventid=0043'>Flood Advisory 43</a> &nbsp; ", "windtag": null, "hailtag": null, "tornadotag": null, "damagetag": null, "waterspouttag": null, "is_emergency": false, "is_pds": false, "windthreat": null, "hailthreat": null, "product_signature": "56", "floodtag_damage": null, "squalltag": null, "max_windtag": null, "max_hailtag": null, "max_is_pds": false, "max_is_emergency": false, "max_floodtag_damage": null}, "geometry": {"type": "MultiPolygon", "coordinates": [[[[-87.11, 34.29], [-87.11, 33.99], [-87.64, 34.01], [-87.64, 33.99], [-87.95, 34], [-87.95, 34.02], [-87.98, 34.03], [-87.99, 34.06], [-88.21, 34.06], [-88.17, 34.32], [-87.11, 34.29]]]]}}, {"type": "Feature", "id": "MRX.FA.Y.0036.2011-04-27T19:53:00Z", "properties": {"status": "NEW", "phenomena": "FA", "significance": "Y", "ps": "Flood Advisory", "wfo": "MRX", "eventid": 36, "polygon_begin": "2011-04-27T19:53:00Z", "polygon_end": "2011-04-27T22:45:00Z", "expire": "2011-04-27T22:45:00Z", "hvtec_nwsli": "00000", "year": 2011, "product_id": "201104271953-KMRX-WGUS84-FLSMRX", "issue": "2011-04-27T19:53:00Z", "expire_utc": "2011-04-27T22:45:00Z", "href": "https://mesonet.agron.iastate.edu/vtec/?year=2011&wfo=KMRX&phenomena=FA&significance=Y&eventid=0036", "link": "<a href='https://mesonet.agron.iastate.edu/vtec/?year=2011&wfo=KMRX&phenomena=FA&significance=Y&eventid=0036'>Flood Advisory 36</a> &nbsp; ", "windtag": null, "hailtag": null, "tornadotag": null, "damagetag": null, "waterspouttag": null, "is_emergency": false, "is_pds": false, "windthreat": null, "hailthreat": null, "product_signature": "MJB", "floodtag_damage": null, "squalltag": null, "max_windtag": null, "max_hailtag": null, "max_is_pds": false, "max_is_emergency": false, "max_floodtag_damage": null}, "geometry": {"type": "MultiPolygon", "coordinates": [[[[-85.37, 35.06], [-85.38, 35.11], [-85.23, 35.33], [-84.97, 35.33], [-84.97, 35.31], [-84.93, 35.29], [-84.88, 35.34], [-84.83, 35.34], [-84.75, 35.29], [-84.72, 35.29], [-84.75, 35.27], [-84.73, 35.25], [-84.89, 34.98], [-85.47, 34.98], [-85.37, 35.06]]]]}}, {"type": "Feature", "id": "TSA.FA.W.0015.2011-04-27T18:40:00Z", "properties": {"status": "CON", "phenomena": "FA", "significance": "W", "ps": "Flood Warning", "wfo": "TSA", "eventid": 15, "polygon_begin": "2011-04-27T18:40:00Z", "polygon_end": "2011-04-27T21:25:00Z", "expire": "2011-04-28T05:00:00Z", "hvtec_nwsli": "00000", "year": 2011, "product_id": "201104271840-KTSA-WGUS84-FLSTSA", "issue": "2011-04-27T17:00:00Z", "expire_utc": "2011-04-28T05:00:00Z", "href": "https://mesonet.agron.iastate.edu/vtec/?year=2011&wfo=KTSA&phenomena=FA&significance=W&eventid=0015", "link": "<a href='https://mesonet.agron.iastate.edu/vtec/?year=2011&wfo=KTSA&phenomena=FA&significance=W&eventid=0015'>Flood Warning 15</a> &nbsp; ", "windtag": null, "hailtag": null, "tornadotag": null, "damagetag": null, "waterspouttag": null, "is_emergency": false, "is_pds": false, "windthreat": null, "hailthreat": null, "product_signature": null, "floodtag_damage": null, "squalltag": null, "max_windtag": null, "max_hailtag": null, "max_is_pds": false, "max_is_emergency": false, "max_floodtag_damage": null}, "geometry": {"type": "MultiPolygon", "coordinates": [[[[-93.32, 36.12], [-93.46, 36.12], [-93.51, 35.77], [-93.68, 35.76], [-93.69, 35.38], [-94.44, 34.92], [-94.46, 34.5], [-94.93, 34.51], [-95.51, 34.71], [-95.5, 35.03], [-95.35, 35.04], [-95.45, 35.31], [-95.99, 35.16], [-96.18, 35.86], [-95.26, 35.83], [-95.01, 36.16], [-95.01, 36.99], [-94.63, 37], [-94.61, 36.5], [-93.29, 36.49], [-93.32, 36.12]]]]}}, {"type": "Feature", "id": "HUN.FF.W.0027.2011-04-27T18:29:00Z", "properties": {"status": "NEW", "phenomena": "FF", "significance": "W", "ps": "Flash Flood Warning", "wfo": "HUN", "eventid": 27, "polygon_begin": "2011-04-27T18:29:00Z", "polygon_end": "2011-04-27T21:30:00Z", "expire": "2011-04-27T21:30:00Z", "hvtec_nwsli": "00000", "year": 2011, "product_id": "201104271829-KHUN-WGUS54-FFWHUN", "issue": "2011-04-27T18:29:00Z", "expire_utc": "2011-04-27T21:30:00Z", "href": "https://mesonet.agron.iastate.edu/vtec/?year=2011&wfo=KHUN&phenomena=FF&significance=W&eventid=0027", "link": "<a href='https://mesonet.agron.iastate.edu/vtec/?year=2011&wfo=KHUN&phenomena=FF&significance=W&eventid=0027'>Flash Flood Warning 27</a> &nbsp; ", "windtag": null, "hailtag": null, "tornadotag": null, "damagetag": null, "waterspouttag": null, "is_emergency": false, "is_pds": false, "windthreat": null, "hailthreat": null, "product_signature": "BCC", "floodtag_damage": null, "squalltag": null, "max_windtag": null, "max_hailtag": null, "max_is_pds": false, "max_is_emergency": false, "max_floodtag_damage": null}, "geometry": {"type": "MultiPolygon", "coordinates": [[[[-85.51, 34.55], [-86.58, 34.4], [-86.55, 34.54], [-86.57, 34.58], [-86.5, 35], [-85.61, 35], [-85.51, 34.55]]]]}}, {"type": "Feature", "id": "GYX.FA.W.0001.2011-04-27T13:10:00Z", "properties": {"status": "NEW", "phenomena": "FA", "significance": "W", "ps": "Flood Warning", "wfo": "GYX", "eventid": 1, "polygon_begin": "2011-04-27T13:10:00Z", "polygon_end": "2011-04-28T01:00:00Z", "expire": "2011-04-28T01:00:00Z", "hvtec_nwsli": "00000", "year": 2011, "product_id": "201104271310-KGYX-WGUS41-FLWGYX", "issue": "2011-04-27T13:10:00Z", "expire_utc": "2011-04-28T01:00:00Z", "href": "https://mesonet.agron.iastate.edu/vtec/?year=2011&wfo=KGYX&phenomena=FA&significance=W&eventid=0001", "link": "<a href='https://mesonet.agron.iastate.edu/vtec/?year=2011&wfo=KGYX&phenomena=FA&significance=W&eventid=0001'>Flood Warning 1</a> &nbsp; ", "windtag": null, "hailtag": null, "tornadotag": null, "damagetag": null, "waterspouttag": null, "is_emergency": false, "is_pds": false, "windthreat": null, "hailthreat": null, "product_signature": "JC", "floodtag_damage": null, "squalltag": null, "max_windtag": null, "max_hailtag": null, "max_is_pds": false, "max_is_emergency": false, "max_floodtag_damage": null}, "geometry": {"type": "MultiPolygon", "coordinates": [[[[-71.51, 45.01], [-71.5, 45.04], [-71.52, 45.05], [-71.51, 45.07], [-71.45, 45.12], [-71.31, 45.04], [-71.44, 44.84], [-71.53, 44.88], [-71.51, 44.92], [-71.54, 44.98], [-71.54, 45], [-71.51, 45.01]]]]}}, {"type": "Feature", "id": "PAH.SV.W.0174.2011-04-27T20:34:00Z", "properties": {"status": "NEW", "phenomena": "SV", "significance": "W", "ps": "Severe Thunderstorm Warning", "wfo": "PAH", "eventid": 174, "polygon_begin": "2011-04-27T20:34:00Z", "polygon_end": "2011-04-27T21:15:00Z", "expire": "2011-04-27T21:15:00Z", "hvtec_nwsli": null, "year": 2011, "product_id": "201104272034-KPAH-WUUS53-SVRPAH", "issue": "2011-04-27T20:34:00Z", "expire_utc": "2011-04-27T21:15:00Z", "href": "https://mesonet.agron.iastate.edu/vtec/?year=2011&wfo=KPAH&phenomena=SV&significance=W&eventid=0174", "link": "<a href='https://mesonet.agron.iastate.edu/vtec/?year=2011&wfo=KPAH&phenomena=SV&significance=W&eventid=0174'>Severe Thunderstorm Warning 174</a> &nbsp; ", "windtag": 60.0, "hailtag": 1.0, "tornadotag": null, "damagetag": null, "waterspouttag": null, "is_emergency": false, "is_pds": false, "windthreat": null, "hailthreat": null, "product_signature": null, "floodtag_damage": null, "squalltag": null, "max_windtag": 60.0, "max_hailtag": 1.0, "max_is_pds": false, "max_is_emergency": false, "max_floodtag_damage": null}, "geometry": {"type": "MultiPolygon", "coordinates": [[[[-90.13, 36.63], [-90.15, 36.67], [-90.16, 36.71], [-90.21, 36.78], [-90.2, 36.8], [-90.23, 36.83], [-89.88, 37.12], [-89.79, 37.13], [-89.71, 36.63], [-90.13, 36.63]]]]}}, {"type": "Feature", "id": "MEG.TO.W.0128.2011-04-27T20:41:00Z", "properties": {"status": "NEW", "phenomena": "TO", "significance": "W", "ps": "Tornado Warning", "wfo": "MEG", "eventid": 128, "polygon_begin": "2011-04-27T20:41:00Z", "polygon_end": "2011-04-27T21:15:00Z", "expire": "2011-04-27T21:15:00Z", "hvtec_nwsli": null, "year": 2011, "product_id": "201104272041-KMEG-WFUS54-TORMEG", "issue": "2011-04-27T20:41:00Z", "expire_utc": "2011-04-27T21:15:00Z", "href": "https://mesonet.agron.iastate.edu/vtec/?year=2011&wfo=KMEG&phenomena=TO&significance=W&eventid=0128", "link": "<a href='https://mesonet.agron.iastate.edu/vtec/?year=2011&wfo=KMEG&phenomena=TO&significance=W&eventid=0128'>Tornado Warning 128</a> &nbsp; ", "windtag": null, "hailtag": null, "tornadotag": null, "damagetag": null, "waterspouttag": null, "is_emergency": false, "is_pds": false, "windthreat": null, "hailthreat": null, "product_signature": null, "floodtag_damage": null, "squalltag": null, "max_windtag": null, "max_hailtag": null, "max_is_pds": false, "max_is_emergency": false, "max_floodtag_damage": null}, "geometry": {"type": "MultiPolygon", "coordinates": [[[[-88.11, 34.7], [-88.12, 34.61], [-88.21, 34.57], [-88.36, 34.55], [-88.41, 34.58], [-88.42, 34.6], [-88.41, 34.63], [-88.43, 34.67], [-88.1, 34.85], [-88.11, 34.7]]]]}}, {"type": "Feature", "id": "MEG.TO.W.0129.2011-04-27T20:53:00Z", "properties": {"status": "NEW", "phenomena": "TO", "significance": "W", "ps": "Tornado Warning", "wfo": "MEG", "eventid": 129, "polygon_begin": "2011-04-27T20:53:00Z", "polygon_end": "2011-04-27T21:12:00Z", "expire": "2011-04-27T22:00:00Z", "hvtec_nwsli": null, "year": 2011, "product_id": "201104272053-KMEG-WFUS54-TORMEG", "issue": "2011-04-27T20:53:00Z", "expire_utc": "2011-04-27T22:00:00Z", "href": "https://mesonet.agron.iastate.edu/vtec/?year=2011&wfo=KMEG&phenomena=TO&significance=W&eventid=0129", "link": "<a href='https://mesonet.agron.iastate.edu/vtec/?year=2011&wfo=KMEG&phenomena=TO&significance=W&eventid=0129'>Tornado Warning 129</a> &nbsp; ", "windtag": null, "hailtag": null, "tornadotag": null, "damagetag": null, "waterspouttag": null, "is_emergency": false, "is_pds": false, "windthreat": null, "hailthreat": null, "product_signature": null, "floodtag_damage": null, "squalltag": null, "max_windtag": null, "max_hailtag": null, "max_is_pds": false, "max_is_emergency": false, "max_floodtag_damage": null}, "geometry": {"type": "MultiPolygon", "coordinates": [[[[-88.51, 33.67], [-88.5, 33.68], [-88.71, 33.68], [-88.72, 33.69], [-88.72, 33.78], [-88.21, 33.95], [-88.23, 33.78], [-88.25, 33.74], [-88.31, 33.74], [-88.37, 33.69], [-88.5, 33.65], [-88.51, 33.65], [-88.51, 33.67]]]]}}, {"type": "Feature", "id": "FGF.FA.Y.0009.2011-04-27T14:34:00Z", "properties": {"status": "NEW", "phenomena": "FA", "significance": "Y", "ps": "Flood Advisory", "wfo": "FGF", "eventid": 9, "polygon_begin": "2011-04-27T14:34:00Z", "polygon_end": "2011-05-04T21:00:00Z", "expire": "2011-05-04T21:00:00Z", "hvtec_nwsli": "00000", "year": 2011, "product_id": "201104271430-KFGF-WGUS83-FLSFGF", "issue": "2011-04-27T14:34:00Z", "expire_utc": "2011-05-04T21:00:00Z", "href": "https://mesonet.agron.iastate.edu/vtec/?year=2011&wfo=KFGF&phenomena=FA&significance=Y&eventid=0009", "link": "<a href='https://mesonet.agron.iastate.edu/vtec/?year=2011&wfo=KFGF&phenomena=FA&significance=Y&eventid=0009'>Flood Advisory 9</a> &nbsp; ", "windtag": null, "hailtag": null, "tornadotag": null, "damagetag": null, "waterspouttag": null, "is_emergency": false, "is_pds": false, "windthreat": null, "hailthreat": null, "product_signature": "JK", "floodtag_damage": null, "squalltag": null, "max_windtag": null, "max_hailtag": null, "max_is_pds": false, "max_is_emergency": false, "max_floodtag_damage": null}, "geometry": {"type": "MultiPolygon", "coordinates": [[[[-96.27, 46.62], [-96.25, 46.63], [-96.18, 46.64], [-96.18, 46.69], [-96.16, 46.71], [-95.45, 46.71], [-95.39, 46.11], [-96.26, 46.11], [-96.27, 46.62]]]]}}, {"type": "Feature", "id": "SGF.FA.W.0024.2011-04-27T15:46:00Z", "properties": {"status": "CON", "phenomena": "FA", "significance": "W", "ps": "Flood Warning", "wfo": "SGF", "eventid": 24, "polygon_begin": "2011-04-27T15:46:00Z", "polygon_end": "2011-04-28T02:08:00Z", "expire": "2011-04-27T22:00:00Z", "hvtec_nwsli": "00000", "year": 2011, "product_id": "201104271546-KSGF-WGUS83-FLSSGF", "issue": "2011-04-26T07:00:00Z", "expire_utc": "2011-04-27T22:00:00Z", "href": "https://mesonet.agron.iastate.edu/vtec/?year=2011&wfo=KSGF&phenomena=FA&significance=W&eventid=0024", "link": "<a href='https://mesonet.agron.iastate.edu/vtec/?year=2011&wfo=KSGF&phenomena=FA&significance=W&eventid=0024'>Flood Warning 24</a> &nbsp; ", "windtag": null, "hailtag": null, "tornadotag": null, "damagetag": null, "waterspouttag": null, "is_emergency": false, "is_pds": false, "windthreat": null, "hailthreat": null, "product_signature": "SCHAUMANN", "floodtag_damage": null, "squalltag": null, "max_windtag": null, "max_hailtag": null, "max_is_pds": false, "max_is_emergency": false, "max_floodtag_damage": null}, "geometry": {"type": "MultiPolygon", "coordinates": [[[[-93.31, 36.82], [-92.91, 36.81], [-92.9, 37.07], [-92.69, 37.07], [-92.69, 37.48], [-92.25, 37.48], [-92.24, 37.61], [-91.82, 37.6], [-91.8, 37.79], [-91.31, 37.79], [-91.3, 37.71], [-91.14, 37.7], [-91.31, 37.51], [-91.2, 37.5], [-91.01, 37.14], [-91.21, 37.08], [-91.22, 36.84], [-91.11, 36.82], [-91.13, 36.49], [-93.32, 36.5], [-93.31, 36.82]]]]}}, {"type": "Feature", "id": "BTV.FA.W.0014.2011-04-27T18:32:00Z", "properties": {"status": "CON", "phenomena": "FA", "significance": "W", "ps": "Flood Warning", "wfo": "BTV", "eventid": 14, "polygon_begin": "2011-04-27T18:32:00Z", "polygon_end": "2011-04-27T22:15:00Z", "expire": "2011-04-27T22:15:00Z", "hvtec_nwsli": "00000", "year": 2011, "product_id": "201104271832-KBTV-WGUS81-FLSBTV", "issue": "2011-04-27T14:18:00Z", "expire_utc": "2011-04-27T22:15:00Z", "href": "https://mesonet.agron.iastate.edu/vtec/?year=2011&wfo=KBTV&phenomena=FA&significance=W&eventid=0014", "link": "<a href='https://mesonet.agron.iastate.edu/vtec/?year=2011&wfo=KBTV&phenomena=FA&significance=W&eventid=0014'>Flood Warning 14</a> &nbsp; ", "windtag": null, "hailtag": null, "tornadotag": null, "damagetag": null, "waterspouttag": null, "is_emergency": false, "is_pds": false, "windthreat": null, "hailthreat": null, "product_signature": "HANSON", "floodtag_damage": null, "squalltag": null, "max_windtag": null, "max_hailtag": null, "max_is_pds": false, "max_is_emergency": false, "max_floodtag_damage": null}, "geometry": {"type": "MultiPolygon", "coordinates": [[[[-71.84, 44.72], [-71.91, 44.65], [-71.85, 44.61], [-71.91, 44.55], [-71.86, 44.49], [-71.93, 44.44], [-71.87, 44.34], [-72.03, 44.31], [-72.06, 44.17], [-72.35, 44.2], [-72.32, 44.3], [-72.22, 44.41], [-72.31, 44.46], [-72.29, 44.55], [-72.26, 44.55], [-72.15, 44.69], [-72.09, 44.69], [-72.11, 44.75], [-72.01, 44.7], [-71.94, 44.77], [-71.84, 44.72]]]]}}, {"type": "Feature", "id": "OHX.TO.W.0079.2011-04-27T20:54:00Z", "properties": {"status": "CON", "phenomena": "TO", "significance": "W", "ps": "Tornado Warning", "wfo": "OHX", "eventid": 79, "polygon_begin": "2011-04-27T20:54:00Z", "polygon_end": "2011-04-27T21:15:00Z", "expire": "2011-04-27T21:15:00Z", "hvtec_nwsli": null, "year": 2011, "product_id": "201104272054-KOHX-WWUS54-SVSOHX", "issue": "2011-04-27T20:42:00Z", "expire_utc": "2011-04-27T21:15:00Z", "href": "https://mesonet.agron.iastate.edu/vtec/?year=2011&wfo=KOHX&phenomena=TO&significance=W&eventid=0079", "link": "<a href='https://mesonet.agron.iastate.edu/vtec/?year=2011&wfo=KOHX&phenomena=TO&significance=W&eventid=0079'>Tornado Warning 79</a> &nbsp; ", "windtag": null, "hailtag": null, "tornadotag": null, "damagetag": null, "waterspouttag": null, "is_emergency": false, "is_pds": false, "windthreat": null, "hailthreat": null, "product_signature": "21", "floodtag_damage": null, "squalltag": null, "max_windtag": null, "max_hailtag": null, "max_is_pds": false, "max_is_emergency": false, "max_floodtag_damage": null}, "geometry": {"type": "MultiPolygon", "coordinates": [[[[-87.61, 35.35], [-87.8, 35.54], [-87.62, 35.76], [-87.31, 35.51], [-87.61, 35.35]]]]}}, {"type": "Feature", "id": "MEG.FA.W.0004.2011-04-27T10:34:00Z", "properties": {"status": "NEW", "phenomena": "FA", "significance": "W", "ps": "Flood Warning", "wfo": "MEG", "eventid": 4, "polygon_begin": "2011-04-27T10:34:00Z", "polygon_end": "2011-04-27T22:30:00Z", "expire": "2011-04-27T22:30:00Z", "hvtec_nwsli": "00000", "year": 2011, "product_id": "201104271034-KMEG-WGUS44-FLWMEG", "issue": "2011-04-27T10:34:00Z", "expire_utc": "2011-04-27T22:30:00Z", "href": "https://mesonet.agron.iastate.edu/vtec/?year=2011&wfo=KMEG&phenomena=FA&significance=W&eventid=0004", "link": "<a href='https://mesonet.agron.iastate.edu/vtec/?year=2011&wfo=KMEG&phenomena=FA&significance=W&eventid=0004'>Flood Warning 4</a> &nbsp; ", "windtag": null, "hailtag": null, "tornadotag": null, "damagetag": null, "waterspouttag": null, "is_emergency": false, "is_pds": false, "windthreat": null, "hailthreat": null, "product_signature": null, "floodtag_damage": null, "squalltag": null, "max_windtag": null, "max_hailtag": null, "max_is_pds": false, "max_is_emergency": false, "max_floodtag_damage": null}, "geometry": {"type": "MultiPolygon", "coordinates": [[[[-90.24, 36.5], [-90.48, 36.33], [-90.78, 36.23], [-90.9, 36.23], [-90.63, 36.5], [-90.24, 36.5]]]]}}, {"type": "Feature", "id": "JSJ.FA.Y.0054.2011-04-27T19:16:00Z", "properties": {"status": "NEW", "phenomena": "FA", "significance": "Y", "ps": "Flood Advisory", "wfo": "JSJ", "eventid": 54, "polygon_begin": "2011-04-27T19:16:00Z", "polygon_end": "2011-04-27T21:15:00Z", "expire": "2011-04-27T21:15:00Z", "hvtec_nwsli": "00000", "year": 2011, "product_id": "201104271916-TJSJ-WGCA82-FLSSJU", "issue": "2011-04-27T19:16:00Z", "expire_utc": "2011-04-27T21:15:00Z", "href": "https://mesonet.agron.iastate.edu/vtec/?year=2011&wfo=TJSJ&phenomena=FA&significance=Y&eventid=0054", "link": "<a href='https://mesonet.agron.iastate.edu/vtec/?year=2011&wfo=TJSJ&phenomena=FA&significance=Y&eventid=0054'>Flood Advisory 54</a> &nbsp; ", "windtag": null, "hailtag": null, "tornadotag": null, "damagetag": null, "waterspouttag": null, "is_emergency": false, "is_pds": false, "windthreat": null, "hailthreat": null, "product_signature": null, "floodtag_damage": null, "squalltag": null, "max_windtag": null, "max_hailtag": null, "max_is_pds": false, "max_is_emergency": false, "max_floodtag_damage": null}, "geometry": {"type": "MultiPolygon", "coordinates": [[[[-66.43, 18.49], [-65.89, 18.44], [-65.87, 18.3], [-66.33, 18.32], [-66.44, 18.38], [-66.43, 18.49]]]]}}], "generated_at": "2026-09-23T21:21:23Z", "valid_at": "2011-04-27T21:00:00Z", "count": 82}